Workbook

Sheet Perguntas
A2: 1. Possui algum equipamento de energia térmica nas suas instalações? | D2: Sim | E2: Não | G2: Caso não possuam equipamentos acaba.
A4: 2. Tem conhecimento dos consumos anuais de cada vetor energético por equipamento ou apenas os globais? | L4: Equipamento | N4: Global | Q4: 3.1 Selecione os vetores energéticos usados nas susas instalações e correspondente consumo anual.
R6: 3.2 Selecione os equipamentos existentes e respetiva potência nominal bem como a eficiência de catálogo e o vetor energético consumido.
B7: 2.1. Selecione os equipamentos existentes e respetiva potência nominal bem como a eficiência de catálogo, vetor energético e consumo anual.
S8: 3.3 Já é efetuada a recuperação de calor residual dos processos industriais? (Pergunta específica a cada um dos equipamentos indicados) | AA8: Não | AB8: Sim
C9: 2.2. Já é efetuada a recuperação de calor residual dos processos industriais? | K9: Não | L9: Sim
T10: 3.4 Indique a temperatura e caudal dos gases de exaustão. | AB10: Caso já procedam à recuperação de calor residual acaba.
D11: 2.3. Indique a temperatura e caudal dos gases de exaustão. | L11: Caso já procedam à recuperação de calor residual acaba.
A14: 4. Tem conhecimento da tarifa associada a cada um dos vetores energéticos consumidos? | F14: Sim | G14: Não | I14: Caso não saiba as tarifas associadas é usada a base de dados.
B16: 4.1 | C16: Indique, por vetor energético, a tarifa de referência.

Sheet Inputs
A4: Consumo por equipamento ou fábrica | B4: Consumo por fábrica
A7: Caso seja consumo por equipamento
A8: Equipamento | B8: Potência Nominal [kW] | C8: Eficiência de catálogo [%] | D8: Combustível | E8: Consumo anual por equipamento [unidade/ano] | F8: (Unidade/ano) | G8: Sistema de recuperação térmica | H8: =+IF(G9="Sim","","Temperatura de gases de exaustão [°C]") -> Temperatura de gases de exaustão [°C] | I8: =+IF(G9="Sim","","Caudal de gases de exaustão [m3/h]") -> Caudal de gases de exaustão [m3/h]
A9: Forno | B9: 100 | C9: 80 | D9: Gás Natural | E9: 5000 | F9: m3/ano | G9: Não | H9: 150 | I9: 2000
A10: Caldeira | B10: 150 | C10: 80 | D10: GPL | E10: 30000 | F10: m3/ano | G10: Não | H10: 200 | I10: 3000
A11: Cogeração | B11: 200 | C11: 80 | D11: Gás Natural | E11: 60000 | F11: kWh/ano | G11: Não | H11: 250 | I11: 1000
A12: Queimador (Dedicado a estufas ou banhos térmicos) | B12: 60 | C12: 80 | D12: Gás Natural | E12: 20 | F12: kWh/ano | G12: Não
F13: kWh/ano | G13: Não
A14: (…)
A17: Caso seja consumo por fábrica
A18: Combustível | B18: Consumo por fábrica [unidade/ano] | C18: (Unidade/ano)
A19: Gás Natural | B19: 30000 | C19: kWh/ano
A22: (…)
A25: Equipamento | B25: Potência Nominal [kW] | C25: Combustível | D25: Eficiência de catálogo [%] | E25: Número de horas de funcionamento | F25: Sistema de recuperação térmica | G25: =+IF(F26="Sim","","Temperatura de gases de exaustão [°C]") | H25: =+IF(F26="Sim","","Caudal de gases de exaustão [m3/h]")
A26: Caldeira | B26: 350 | C26: Gás Natural | D26: 85 | F26: Sim | G26: 150 | H26: 2000
A27: Forno | B27: 500 | C27: Gás Natural | D27: 82.5 | F27: Sim | G27: 200 | H27: 3000
A28: Cogeração | B28: 0 | C28: Gás Natural | D28: 80 | F28: Sim
A29: Queimador (Dedicado a estufas ou banhos térmicos) | B29: 0 | C29: Gás Natural | D29: 80 | F29: Sim
A30: (…)
A33: Definição de tarifas
A34: Tem conhecimento da tarifa associada a cada um dos vetores energéticos? | B34: Sim
A35: Vetor energético | B35: Tarifa referência | C35: Unidade
A36: Gás Natural | B36: 0.078 | C36: €/kWh
A37: GPL | C37: €/kWh
A38: GPL | C38: €/kWh
A39: Gás Natural | C39: €/kWh
A40: (…)

Sheet Processamento
B2: Cálculos auxiliares | AH2: Cálculos auxiliares caso apenas seja conhecido o consumo por fábrica
B4: Potencial de descarbonização (Potencial alteração de vetor energético) | M4: Potencial descarbonização - recuperação de calor | AH4: Potencial de descarbonização (Potencial alteração de vetor energético)
B5: Equipamento | C5: Combustível | D5: Rendimento (%) | E5: Fator Emissão (kgCO2e/kWh) | F5: Consumo kWh/ano | G5: Emissões Kg CO2eq | H5: Conversão tarifa de energia (€/kWh) | I5: Custo de energia (€/ano) | M5: Cp gases de exaustão | N5: 1.04 | O5: kJ/kg.K | AT5: Cp gases de exaustão | AU5: 1.04 | AV5: kJ/kg.K
B6: =+Inputs!A9 -> Forno | C6: =+Inputs!D9 -> Gás Natural | D6: =+Inputs!C9 -> 80 | E6: =VLOOKUP(C6,Apoio!L6:T19,9,FALSE) -> 0.2030472 | F6: =INDEX(Apoio!$P$6:$R$19,MATCH(C6,Apoio!$L$6:$L$19,0),MATCH(Inputs!F9,Apoio!$P$4:$R$4,0))*Inputs!E9 -> 52500 | G6: =VLOOKUP(C6,Apoio!$L$6:$T$19,9,FALSE)*F6 -> 10659.978 | H6: =1/INDEX(Apoio!$P$6:$R$19,MATCH(C6,Apoio!$L$6:$L$19,0),MATCH(VLOOKUP(C6,Inputs!$A$36:$C$39,3,FALSE),Apoio!$P$5:$R$5,0))*VLOOKUP(C6,Inputs!$A$36:$C$39,2,FALSE) -> 0.078 | I6: =IF(Inputs!$B$34="Sim",H6*F6,VLOOKUP(C6,Apoio!$L$6:$U$19,10,FALSE)*F6) -> 4095 | M6: Temperatura mínima | N6: 120 | O6: °C | AH6: Vetor energético | AI6: Consumo fábrica | AJ6: Unidades | AK6: Consumo (kWh/ano) | AT6: Temperatura mínima | AU6: 120 | AV6: °C
B7: =+Inputs!A10 -> Caldeira | C7: =+Inputs!D10 -> GPL | D7: =+Inputs!C10 -> 80 | E7: =VLOOKUP(C7,Apoio!L7:T20,9,FALSE) -> 0.22717764 | F7: =INDEX(Apoio!$P$6:$R$19,MATCH(C7,Apoio!$L$6:$L$19,0),MATCH(Inputs!F10,Apoio!$P$4:$R$4,0))*Inputs!E10 -> 939600 | G7: =VLOOKUP(C7,Apoio!$L$6:$T$19,9,FALSE)*F7 -> 213456.11 | H7: =1/INDEX(Apoio!$P$6:$R$19,MATCH(C7,Apoio!$L$6:$L$19,0),MATCH(VLOOKUP(C7,Inputs!$A$36:$C$39,3,FALSE),Apoio!$P$5:$R$5,0))*VLOOKUP(C7,Inputs!$A$36:$C$39,2,FALSE) -> 0 | I7: =IF(Inputs!$B$34="Sim",H7*F7,VLOOKUP(C7,Apoio!$L$6:$U$19,10,FALSE)*F7) -> 0 | AH7: =+Inputs!C26 -> Gás Natural | AI7: =+Inputs!B19 -> 30000 | AJ7: =+Inputs!C19 -> kWh/ano | AK7: =INDEX(Apoio!$P$6:$R$19,MATCH(AH7,Apoio!$L$6:$L$19,0),MATCH(Inputs!C19,Apoio!$P$4:$R$4,0))*Inputs!B19 -> 30000
B8: =+Inputs!A11 -> Cogeração | C8: =+Inputs!D11 -> Gás Natural | D8: =+Inputs!C11 -> 80 | E8: =VLOOKUP(C8,Apoio!L9:T21,9,FALSE) -> 0.2030472 | F8: =INDEX(Apoio!$P$6:$R$19,MATCH(C8,Apoio!$L$6:$L$19,0),MATCH(Inputs!F11,Apoio!$P$4:$R$4,0))*Inputs!E11 -> 60000 | G8: =VLOOKUP(C8,Apoio!$L$6:$T$19,9,FALSE)*F8 -> 12182.832 | H8: =1/INDEX(Apoio!$P$6:$R$19,MATCH(C8,Apoio!$L$6:$L$19,0),MATCH(VLOOKUP(C8,Inputs!$A$36:$C$39,3,FALSE),Apoio!$P$5:$R$5,0))*VLOOKUP(C8,Inputs!$A$36:$C$39,2,FALSE) -> 0.078 | I8: =IF(Inputs!$B$34="Sim",H8*F8,VLOOKUP(C8,Apoio!$L$6:$U$19,10,FALSE)*F8) -> 4680 | AH8: =+Inputs!C27 -> Gás Natural | AI8: =+Inputs!B20 -> 0 | AJ8: =+Inputs!C20 -> 0 | AK8: =INDEX(Apoio!$P$6:$R$19,MATCH(AH8,Apoio!$L$6:$L$19,0),MATCH(Inputs!C20,Apoio!$P$4:$R$4,0))*Inputs!B20 -> #N/A
B9: =+Inputs!A12 -> Queimador (Dedicado a estufas ou banhos térmicos) | C9: =+Inputs!D12 -> Gás Natural | D9: =+Inputs!C12 -> 80 | E9: =VLOOKUP(C9,Apoio!L11:T22,9,FALSE) -> 0.2030472 | F9: =INDEX(Apoio!$P$6:$R$19,MATCH(C9,Apoio!$L$6:$L$19,0),MATCH(Inputs!F12,Apoio!$P$4:$R$4,0))*Inputs!E12 -> 20 | G9: =VLOOKUP(C9,Apoio!$L$6:$T$19,9,FALSE)*F9 -> 4.060944 | H9: =1/INDEX(Apoio!$P$6:$R$19,MATCH(C9,Apoio!$L$6:$L$19,0),MATCH(VLOOKUP(C9,Inputs!$A$36:$C$39,3,FALSE),Apoio!$P$5:$R$5,0))*VLOOKUP(C9,Inputs!$A$36:$C$39,2,FALSE) -> 0.078 | I9: =IF(Inputs!$B$34="Sim",H9*F9,VLOOKUP(C9,Apoio!$L$6:$U$19,10,FALSE)*F9) -> 1.56 | AH9: (…)
B10: (…)
B11: Cenários para cada equipamento | M11: Equipamento | N11: Potência Nominal [kW] | O11: Eficiência de catálogo [%] | P11: Combustível | Q11: Consumo anual [unidade/ano] | R11: (Unidade/ano) | S11: Temperatura de gases de exaustão [°C] | T11: Caudal de gases de exaustão [m3/h] | U11: Massa volúmica dos gases [kg/m3] | V11: Potência possível de ser recuperada (kW) | W11: Potência possível de ser recuperada (kW) | X11: Horas de funcionamento anuais | Y11: Energia anual possivel de recuperar (kWh) | Z11: Preponderância no consumo total da fábrica | AA11: Redução de emissões de GEE (kg CO2/ano) | AB11: Poupança económica | AT11: Equipamento | AU11: Potência Nominal [kW] | AV11: Eficiência de catálogo [%] | AW11: Combustível | AX11: Consumo anual [kWh/ano] | AY11: Temperatura de gases de exaustão [°C] | AZ11: Caudal de gases de exaustão [m3/h] | BA11: Massa volúmica dos gases [kg/m3] | BB11: Potência possível de ser recuperada (kW) | BC11: Potência possível de ser recuperada (kW) | BD11: Horas de funcionamento anuais | BE11: Energia anual possivel de recuperar (kWh) | BF11: Preponderância no consumo total da fábrica | BG11: Redução de emissões de GEE (kg CO2/ano) | BH11: Poupança económica
M12: =+Inputs!A9 -> Forno | N12: =+Inputs!B9 -> 100 | O12: =+Inputs!C9 -> 80 | P12: =+Inputs!D9 -> Gás Natural | Q12: =+Inputs!E9 -> 5000 | R12: =+Inputs!F9 -> m3/ano | S12: =+Inputs!H9 -> 150 | T12: =+Inputs!I9 -> 2000 | U12: =+(101325*(28.96/1000))/(8.314*(S12+273.15)) -> 0.83408595 | V12: =+T12/3600*U12*$N$5*(S12-$N$6) -> 14.45749 | W12: =+V12*0.7 -> 10.120243 | X12: 6000 | Y12: =X12*W12 -> 60721.457 | Z12: =+Y12/SUM($F$6:$F$9) -> 0.057713433 | AA12: =VLOOKUP(P12,Apoio!L6:T19,9,FALSE)*Y12 -> 12329.322 | AB12: =+Y12*VLOOKUP(P12,Apoio!$L$6:$U$19,10,FALSE) -> 4705.9129 | AT12: =+Inputs!A26 -> Caldeira | AU12: =+Inputs!B9 -> 100 | AV12: =+Inputs!D26 -> 85 | AW12: =VLOOKUP(AT12,Inputs!A26:H29,3,FALSE) -> Gás Natural | AX12: =+AM14 -> 12352.941 | AY12: =+Inputs!G26 -> 150 | AZ12: =+Inputs!H26 -> 2000 | BA12: =+(101325*(28.96/1000))/(8.314*(AY12+273.15)) -> 0.83408595 | BB12: =+AZ12/3600*BA12*$AU$5*(AY12-$AU$6) -> 14.45749 | BC12: =+BB12*0.7 -> 10.120243 | BD12: 6000 | BE12: =BD12*BC12 -> 60721.457 | BF12: =+BE12/SUM($F$6:$F$9) -> 0.057713433 | BG12: =VLOOKUP(AW12,Apoio!$L$6:$T$19,9,FALSE)*BE12 -> 12329.322 | BH12: =+BE12*VLOOKUP(AW12,Apoio!$L$6:$U$19,10,FALSE) -> 4705.9129
B13: Soluções Para Caldeiras | C13: =B7&" "&C7 -> Caldeira GPL | I13: * repetir esta tabela para todos os equipamentos | M13: =+Inputs!A10 -> Caldeira | N13: =+IF(M13="Cogeração","",Inputs!B10) -> 150 | O13: =+IF(M13="Cogeração","",Inputs!C10) -> 80 | P13: =+IF(M13="Cogeração","",Inputs!D10) -> GPL | Q13: =+IF(M13="Cogeração","",Inputs!E10) -> 30000 | R13: =+IF(M13="Cogeração","",Inputs!F10) -> m3/ano | S13: =+IF(M13="Cogeração","",Inputs!H10) -> 200 | T13: =+IF(M13="Cogeração","",Inputs!I10) -> 3000 | U13: =+IF(M13="Cogeração","",(101325*(28.96/1000))/(8.314*(S13+273.15))) -> 0.74594414 | V13: =+IF(M13="Cogeração","",T13/3600*U13*$N$5*(S13-$N$6)) -> 51.718794 | W13: =+IF(M13="Cogeração","",V13*0.7) -> 36.203155 | X13: 6000 | Y13: =+IF(M13="Cogeração","",X13*W13) -> 217218.93 | Z13: =+Y13/SUM($F$6:$F$9) -> 0.20645833 | AA13: =+IF(M13="Cogeração","",VLOOKUP(P13,Apoio!L7:T20,9,FALSE)*Y13) -> 49347.285 | AB13: =+Y13*VLOOKUP(P13,Apoio!$L$6:$U$19,10,FALSE) -> 23729.296 | AH13: Equipamento | AI13: Potência | AJ13: Combustível | AK13: Rendimento (%) | AL13: Fator Emissão (kgCO2e/kWh) | AM13: Consumo kWh/ano | AN13: Emissões Kg CO2eq | AO13: Conversão tarifa de energia (€/kWh) | AP13: Custo de energia (€/ano) | AT13: =+Inputs!A27 -> Forno | AU13: =IF(AT13="Cogeração","",Inputs!B10) -> 150 | AV13: =IF(AT13="Cogeração","",Inputs!D27) -> 82.5 | AW13: =IF(AT13="Cogeração","",VLOOKUP(AT13,Inputs!A27:H30,3,FALSE)) -> Gás Natural | AX13: =IF(AT13="Cogeração","",AM15) -> 17647.059 | AY13: =IF(AT13="Cogeração","",Inputs!G27) -> 200 | AZ13: =IF(AT13="Cogeração","",Inputs!H27) -> 3000 | BA13: =IF(AT13="Cogeração","",(101325*(28.96/1000))/(8.314*(AY13+273.15))) -> 0.74594414 | BB13: =IF(AT13="Cogeração","",AZ13/3600*BA13*$N$5*(AY13-$N$6)) -> 51.718794 | BC13: =IF(AT13="Cogeração","",BB13*0.7) -> 36.203155 | BE13: =IF(AT13="Cogeração","",BD13*BC13) -> 0 | BF13: =IF(AT13="Cogeração","",BE13/SUM($F$6:$F$9)) -> 0 | BG13: =IF(AT13="Cogeração","",VLOOKUP(AW13,Apoio!$L$6:$T$19,9,FALSE)*BE13) -> 0 | BH13: =IF(AT13="Cogeração","",BE13*VLOOKUP(AW13,Apoio!$L$6:$U$19,10,FALSE)) -> 0
B14: Alternativas Viáveis | C14: Consumo kWh/ano | D14: Emissões Kg CO2eq | E14: Redução das Emissões (kg CO2eq) | F14: Redução das Emissões (%) | G14: Custo de energia (€) | H14: Poupança económica (€) | M14: =+Inputs!A11 -> Cogeração | N14: =IF(M14="Cogeração","",Inputs!B11) | O14: =IF(M14="Cogeração","",Inputs!C11) | P14: =IF(M14="Cogeração","",Inputs!D11) | Q14: =IF(M14="Cogeração","",Inputs!E11) | R14: =IF(M14="Cogeração","",Inputs!F11) | S14: =IF(M14="Cogeração","",Inputs!H11) | T14: =IF(M14="Cogeração","",Inputs!I11) | U14: =IF(M14="Cogeração","",(101325*(28.96/1000))/(8.314*(S14+273.15))) | V14: =IF(M14="Cogeração","",T14/3600*U14*$N$5*(S14-$N$6)) | W14: =IF(M14="Cogeração","",V14*0.7) | X14: =IF(M14="Cogeração","",6000) | Y14: =IF(M14="Cogeração","",X14*W14) | Z14: =IF(M14="Cogeração","",Y14/SUM($F$6:$F$9)) | AA14: =IF(M14="Cogeração","",VLOOKUP(P14,Apoio!L9:T21,9,FALSE)*Y14) | AB14: =IF(M14="Cogeração","",Y14*VLOOKUP(P14,Apoio!$L$6:$U$19,10,FALSE)) | AH14: =+Inputs!A26 -> Caldeira | AI14: =+Inputs!B26 -> 350 | AJ14: =VLOOKUP(AH14,Inputs!A26:H29,3,FALSE) -> Gás Natural | AK14: =+Inputs!D26 -> 85 | AL14: =VLOOKUP(AJ14,Apoio!L6:T19,9,FALSE) -> 0.2030472 | AM14: =+VLOOKUP(AJ14,$AH$7:$AK$8,4,FALSE)*(AI14/SUMIF($AJ$14:$AJ$17,AJ14,$AI$14:$AI$17)) -> 12352.941 | AN14: =VLOOKUP(AJ14,Apoio!$L$6:$T$19,9,FALSE)*AM14 -> 2508.2301 | AO14: =1/INDEX(Apoio!$P$6:$R$19,MATCH(AJ14,Apoio!$L$6:$L$19,0),MATCH(VLOOKUP(AJ14,Inputs!$A$36:$C$39,3,FALSE),Apoio!$P$5:$R$5,0))*VLOOKUP(AJ14,Inputs!$A$36:$C$39,2,FALSE) -> 0.078 | AP14: =IF(Inputs!$B$34="Sim",AO14*AM14,VLOOKUP(AJ14,Apoio!$L$6:$U$19,10,FALSE)*AM14) -> 963.52941 | AT14: =+Inputs!A28 -> Cogeração | AU14: =+Inputs!B11 -> 200 | AV14: =+Inputs!D28 -> 80 | AW14: =VLOOKUP(AT14,Inputs!A28:H31,3,FALSE) -> Gás Natural | AX14: =+AM16 -> 0 | AY14: =+Inputs!G28 -> 0 | AZ14: =+Inputs!H28 -> 0 | BA14: =+(101325*(28.96/1000))/(8.314*(AY14+273.15)) -> 1.2921233 | BB14: =+AZ14/3600*BA14*$N$5*(AY14-$N$6) -> 0 | BC14: =+BB14*0.7 -> 0 | BD14: 6000 | BE14: =BD14*BC14 -> 0 | BF14: =+BE14/SUM($F$6:$F$9) -> 0 | BG14: =VLOOKUP(AW14,Apoio!$L$6:$T$19,9,FALSE)*BE14 -> 0 | BH14: =+BE14*VLOOKUP(AW14,Apoio!$L$6:$U$19,10,FALSE) -> 0
B15: =IF($E$6/$D$6>Apoio!T6/Apoio!N38,Apoio!M38,"") -> Biometano | C15: =IF(B15="","",IF(B15=$C$7,$F$7,$F$7*($D$7/Apoio!N38))) -> 884329.41 | D15: =IF(B15="","",C15*Apoio!T6) -> 35369.639 | E15: =IF(B15="","",$G$7-D15) -> 178086.47 | F15: =IF(B15="","",(($G$7-D15)/$G$7*100)) -> 83.430018 | G15: =IF(B15="","",C15*Apoio!U6) -> 107888.19 | H15: =IF(B15="","",$I$7-G15) -> -107888.19 | M15: (…) | X15: Total | Y15: =+SUM(Y12:Y14) -> 277940.39 | Z15: =+SUM(Z12:Z14) -> 0.26417176 | AA15: =+SUM(AA12:AA14) -> 61676.606 | AB15: =+SUM(AB12:AB14) -> 28435.209 | AH15: =+Inputs!A27 -> Forno | AI15: =+Inputs!B27 -> 500 | AJ15: =VLOOKUP(AH15,Inputs!A27:H30,3,FALSE) -> Gás Natural | AK15: =+Inputs!D27 -> 82.5 | AL15: =VLOOKUP(AJ15,Apoio!L7:T20,9,FALSE) -> 0.2030472 | AM15: =+VLOOKUP(AJ15,$AH$7:$AK$8,4,FALSE)*(AI15/SUMIF($AJ$14:$AJ$17,AJ15,$AI$14:$AI$17)) -> 17647.059 | AN15: =VLOOKUP(AJ15,Apoio!$L$6:$T$19,9,FALSE)*AM15 -> 3583.1859 | AO15: =1/INDEX(Apoio!$P$6:$R$19,MATCH(AJ15,Apoio!$L$6:$L$19,0),MATCH(VLOOKUP(AJ15,Inputs!$A$36:$C$39,3,FALSE),Apoio!$P$5:$R$5,0))*VLOOKUP(AJ15,Inputs!$A$36:$C$39,2,FALSE) -> 0.078 | AP15: =IF(Inputs!$B$34="Sim",AO15*AM15,VLOOKUP(AJ15,Apoio!$L$6:$U$19,10,FALSE)*AM15) -> 1376.4706 | AT15: =+Inputs!A29 -> Queimador (Dedicado a estufas ou banhos térmicos) | AU15: =+Inputs!B12 -> 60 | AV15: =+Inputs!D29 -> 80 | AW15: =VLOOKUP(AT15,Inputs!A29:H32,3,FALSE) -> Gás Natural | AX15: =+AM17 -> 0 | AY15: 122 | AZ15: =+Inputs!H29 -> 0 | BA15: =+(101325*(28.96/1000))/(8.314*(AY15+273.15)) -> 0.89318858 | BB15: =+AZ15/3600*BA15*$N$5*(AY15-$N$6) -> 0 | BC15: =+BB15*0.7 -> 0 | BD15: 6000 | BE15: =BD15*BC15 -> 0 | BF15: =+BE15/SUM($F$6:$F$9) -> 0 | BG15: =VLOOKUP(AW15,Apoio!$L$6:$T$19,9,FALSE)*BE15 -> 0 | BH15: =+BE15*VLOOKUP(AW15,Apoio!$L$6:$U$19,10,FALSE) -> 0
B16: =IF($E$6/$D$6>Apoio!T7/Apoio!N39,Apoio!M39,"") -> Hidrogénio | C16: =IF(B16="","",IF(B16=$C$7,$F$7,$F$7*($D$7/Apoio!N39))) -> 884329.41 | D16: =IF(B16="","",C16*Apoio!T7) -> 0 | E16: =IF(B16="","",$G$7-D16) -> 213456.11 | F16: =IF(B16="","",(($G$7-D16)/$G$7*100)) -> 100 | G16: =IF(B16="","",C16*Apoio!U7) -> 172444.24 | H16: =IF(B16="","",$I$7-G16) -> -172444.24 | AH16: =+Inputs!A28 -> Cogeração | AI16: =+Inputs!B28 -> 0 | AJ16: =VLOOKUP(AH16,Inputs!A28:H31,3,FALSE) -> Gás Natural | AK16: =+Inputs!D28 -> 80 | AL16: =VLOOKUP(AJ16,Apoio!L9:T21,9,FALSE) -> 0.2030472 | AM16: =+VLOOKUP(AJ16,$AH$7:$AK$8,4,FALSE)*(AI16/SUMIF($AJ$14:$AJ$17,AJ16,$AI$14:$AI$17)) -> 0 | AN16: =VLOOKUP(AJ16,Apoio!$L$6:$T$19,9,FALSE)*AM16 -> 0 | AO16: =1/INDEX(Apoio!$P$6:$R$19,MATCH(AJ16,Apoio!$L$6:$L$19,0),MATCH(VLOOKUP(AJ16,Inputs!$A$36:$C$39,3,FALSE),Apoio!$P$5:$R$5,0))*VLOOKUP(AJ16,Inputs!$A$36:$C$39,2,FALSE) -> 0.078 | AP16: =IF(Inputs!$B$34="Sim",AO16*AM16,VLOOKUP(AJ16,Apoio!$L$6:$U$19,10,FALSE)*AM16) -> 0 | BD16: Total | BE16: =+SUM(BE12:BE15) -> 60721.457 | BF16: =+SUM(BF12:BF15) -> 0.057713433 | BG16: =+SUM(BG12:BG14) -> 12329.322 | BH16: =+SUM(BH12:BH15) -> 4705.9129
B17: =IF($E$6/$D$6>Apoio!T8/Apoio!N40,Apoio!M40,"") -> Biomassa | C17: =IF(B17="","",IF(B17=$C$7,$F$7,$F$7*($D$7/Apoio!N40))) -> 884329.41 | D17: =IF(B17="","",C17*Apoio!T8) -> 0 | E17: =IF(B17="","",$G$7-D17) -> 213456.11 | F17: =IF(B17="","",(($G$7-D17)/$G$7*100)) -> 100 | G17: =IF(B17="","",C17*Apoio!U8) -> 9096.2123 | H17: =IF(B17="","",$I$7-G17) -> -9096.2123 | AH17: =+Inputs!A29 -> Queimador (Dedicado a estufas ou banhos térmicos) | AI17: =+Inputs!B29 -> 0 | AJ17: =VLOOKUP(AH17,Inputs!A29:H32,3,FALSE) -> Gás Natural | AK17: =+Inputs!D29 -> 80 | AL17: =VLOOKUP(AJ17,Apoio!L11:T22,9,FALSE) -> 0.2030472 | AM17: =+VLOOKUP(AJ17,$AH$7:$AK$8,4,FALSE)*(AI17/SUMIF($AJ$14:$AJ$17,AJ17,$AI$14:$AI$17)) -> 0 | AN17: =VLOOKUP(AJ17,Apoio!$L$6:$T$19,9,FALSE)*AM17 -> 0 | AO17: =1/INDEX(Apoio!$P$6:$R$19,MATCH(AJ17,Apoio!$L$6:$L$19,0),MATCH(VLOOKUP(AJ17,Inputs!$A$36:$C$39,3,FALSE),Apoio!$P$5:$R$5,0))*VLOOKUP(AJ17,Inputs!$A$36:$C$39,2,FALSE) -> 0.078 | AP17: =IF(Inputs!$B$34="Sim",AO17*AM17,VLOOKUP(AJ17,Apoio!$L$6:$U$19,10,FALSE)*AM17) -> 0
B18: =IF($E$6/$D$6>Apoio!T9/Apoio!N41,Apoio!M41,"") -> GN + Biometano 50 % | C18: =IF(B18="","",IF(B18=$C$7,$F$7,$F$7*($D$7/Apoio!N41))) -> 884329.41 | D18: =IF(B18="","",C18*Apoio!T9) -> 97035.698 | E18: =IF(B18="","",$G$7-D18) -> 116420.41 | F18: =IF(B18="","",(($G$7-D18)/$G$7*100)) -> 54.540679 | G18: =IF(B18="","",C18*Apoio!U9) -> 88211.859 | H18: =IF(B18="","",$I$7-G18) -> -88211.859 | AH18: (…)
B19: =IF($E$6/$D$6>Apoio!T10/Apoio!N42,Apoio!M42,"") -> Eletricidade | C19: =IF(B19="","",IF(B19=$C$7,$F$7,$F$7*($D$7/Apoio!N42))) -> 774927.84 | D19: =IF(B19="","",C19*Apoio!T10) -> 117014.1 | E19: =IF(B19="","",$G$7-D19) -> 96442.007 | F19: =IF(B19="","",(($G$7-D19)/$G$7*100)) -> 45.181188 | G19: =IF(B19="","",C19*Apoio!U10) -> 97299.939 | H19: =IF(B19="","",$I$7-G19) -> -97299.939 | AH19: Cenários para cada equipamento
B20: =IF($E$6/$D$6>Apoio!T11/Apoio!N43,Apoio!M43,"") -> GN + H2 20 % | C20: =IF(B20="","",IF(B20=$C$7,$F$7,$F$7*($D$7/Apoio!N43))) -> 884329.41 | D20: =IF(B20="","",C20*Apoio!T11) -> 166406.03 | E20: =IF(B20="","",$G$7-D20) -> 47050.076 | F20: =IF(B20="","",(($G$7-D20)/$G$7*100)) -> 22.042038 | G20: =IF(B20="","",C20*Apoio!U11) -> 89317.271 | H20: =IF(B20="","",$I$7-G20) -> -89317.271
B21: =IF($E$6/$D$6>Apoio!T12/Apoio!N44,Apoio!M44,"") -> GN + H2 10 % | C21: =IF(B21="","",IF(B21=$C$7,$F$7,$F$7*($D$7/Apoio!N44))) -> 884329.41 | D21: =IF(B21="","",C21*Apoio!T12) -> 173559.55 | E21: =IF(B21="","",$G$7-D21) -> 39896.559 | F21: =IF(B21="","",(($G$7-D21)/$G$7*100)) -> 18.690755 | G21: =IF(B21="","",C21*Apoio!U12) -> 78926.4 | H21: =IF(B21="","",$I$7-G21) -> -78926.4 | AH21: Soluções Para Caldeiras | AI21: =AH16&" "&AJ16 -> Cogeração Gás Natural | AO21: * repetir esta tabela para todos os equipamentos
B22: =IF($E$6/$D$6>Apoio!T13/Apoio!N45,Apoio!M45,"") -> Gás Natural | C22: =IF(B22="","",IF(B22=$C$7,$F$7,$F$7*($D$7/Apoio!N45))) -> 884329.41 | D22: =IF(B22="","",C22*Apoio!T13) -> 179560.61 | E22: =IF(B22="","",$G$7-D22) -> 33895.5 | F22: =IF(B22="","",(($G$7-D22)/$G$7*100)) -> 15.879377 | G22: =IF(B22="","",C22*Apoio!U13) -> 68535.529 | H22: =IF(B22="","",$I$7-G22) -> -68535.529 | AH22: Alternativas Viáveis | AI22: Consumo kWh/ano | AJ22: Emissões Kg CO2eq | AK22: Redução das Emissões (kg CO2eq) | AL22: Redução das Emissões (%) | AM22: Custo de energia (€) | AN22: Poupança económica (€)
B23: =IF($E$6/$D$6>Apoio!T14/Apoio!N46,Apoio!M46,"") | C23: =IF(B23="","",IF(B23=$C$7,$F$7,$F$7*($D$7/Apoio!N46))) | D23: =IF(B23="","",C23*Apoio!T14) | E23: =IF(B23="","",$G$7-D23) | F23: =IF(B23="","",(($G$7-D23)/$G$7*100)) | G23: =IF(B23="","",C23*Apoio!U14) | H23: =IF(B23="","",$I$7-G23) | AH23: =IF($AL$16/$AK$16>Apoio!T6/Apoio!N38,Apoio!M38,"") -> Biometano | AI23: =IF(AH23="","",IF(AH23=$AJ$16,$AM$16,$AM$16*($AK$16/Apoio!N38))) -> 0 | AJ23: =IF(AH23="","",AI23*Apoio!T6) -> 0 | AK23: =IF(AH23="","",$AN$16-AJ23) -> 0 | AL23: =IF(AH23="","",(($AN$16-AJ23)/$AN$16*100)) -> #DIV/0! | AM23: =IF(AH23="","",AI23*Apoio!U6) -> 0 | AN23: =IF(AH23="","",$AP$16-AM23) -> 0
B24: =IF($E$6/$D$6>Apoio!T15/Apoio!N47,Apoio!M47,"") | C24: =IF(B24="","",IF(B24=$C$7,$F$7,$F$7*($D$7/Apoio!N47))) | D24: =IF(B24="","",C24*Apoio!T15) | E24: =IF(B24="","",$G$7-D24) | F24: =IF(B24="","",(($G$7-D24)/$G$7*100)) | G24: =IF(B24="","",C24*Apoio!U15) | H24: =IF(B24="","",$I$7-G24) | AH24: =IF($AL$16/$AK$16>Apoio!T7/Apoio!N39,Apoio!M39,"") -> Hidrogénio | AI24: =IF(AH24="","",IF(AH24=$AJ$16,$AM$16,$AM$16*($AK$16/Apoio!N39))) -> 0 | AJ24: =IF(AH24="","",AI24*Apoio!T7) -> 0 | AK24: =IF(AH24="","",$AN$16-AJ24) -> 0 | AL24: =IF(AH24="","",(($AN$16-AJ24)/$AN$16*100)) -> #DIV/0! | AM24: =IF(AH24="","",AI24*Apoio!U7) -> 0 | AN24: =IF(AH24="","",$AP$16-AM24) -> 0
B25: =IF($E$6/$D$6>Apoio!T16/Apoio!N48,Apoio!M48,"") | C25: =IF(B25="","",IF(B25=$C$7,$F$7,$F$7*($D$7/Apoio!N48))) | D25: =IF(B25="","",C25*Apoio!T16) | E25: =IF(B25="","",$G$7-D25) | F25: =IF(B25="","",(($G$7-D25)/$G$7*100)) | G25: =IF(B25="","",C25*Apoio!U16) | H25: =IF(B25="","",$I$7-G25) | AH25: =IF($AL$16/$AK$16>Apoio!T8/Apoio!N40,Apoio!M40,"") -> Biomassa | AI25: =IF(AH25="","",IF(AH25=$AJ$16,$AM$16,$AM$16*($AK$16/Apoio!N40))) -> 0 | AJ25: =IF(AH25="","",AI25*Apoio!T9) -> 0 | AK25: =IF(AH25="","",$AN$16-AJ25) -> 0 | AL25: =IF(AH25="","",(($AN$16-AJ25)/$AN$16*100)) -> #DIV/0! | AM25: =IF(AH25="","",AI25*Apoio!U8) -> 0 | AN25: =IF(AH25="","",$AP$16-AM25) -> 0
B26: =IF($E$6/$D$6>Apoio!T17/Apoio!N49,Apoio!M49,"") | C26: =IF(B26="","",IF(B26=$C$7,$F$7,$F$7*($D$7/Apoio!N49))) | D26: =IF(B26="","",C26*Apoio!T17) | E26: =IF(B26="","",$G$7-D26) | F26: =IF(B26="","",(($G$7-D26)/$G$7*100)) | G26: =IF(B26="","",C26*Apoio!U17) | H26: =IF(B26="","",$I$7-G26) | AH26: =IF($AL$16/$AK$16>Apoio!T9/Apoio!N41,Apoio!M41,"") -> GN + Biometano 50 % | AI26: =IF(AH26="","",IF(AH26=$AJ$16,$AM$16,$AM$16*($AK$16/Apoio!N41))) -> 0 | AJ26: =IF(AH26="","",AI26*Apoio!T8) -> 0 | AK26: =IF(AH26="","",$AN$16-AJ26) -> 0 | AL26: =IF(AH26="","",(($AN$16-AJ26)/$AN$16*100)) -> #DIV/0! | AM26: =IF(AH26="","",AI26*Apoio!U9) -> 0 | AN26: =IF(AH26="","",$AP$16-AM26) -> 0
B27: =IF($E$6/$D$6>Apoio!T18/Apoio!N50,Apoio!M50,"") | C27: =IF(B27="","",IF(B27=$C$7,$F$7,$F$7*($D$7/Apoio!N50))) | D27: =IF(B27="","",C27*Apoio!T18) | E27: =IF(B27="","",$G$7-D27) | F27: =IF(B27="","",(($G$7-D27)/$G$7*100)) | G27: =IF(B27="","",C27*Apoio!U18) | H27: =IF(B27="","",$I$7-G27) | AH27: =IF($AL$16/$AK$16>Apoio!T10/Apoio!N42,Apoio!M42,"") -> Eletricidade | AI27: =IF(AH27="","",IF(AH27=$AJ$16,$AM$16,$AM$16*($AK$16/Apoio!N42))) -> 0 | AJ27: =IF(AH27="","",AI27*Apoio!T11) -> 0 | AK27: =IF(AH27="","",$AN$16-AJ27) -> 0 | AL27: =IF(AH27="","",(($AN$16-AJ27)/$AN$16*100)) -> #DIV/0! | AM27: =IF(AH27="","",AI27*Apoio!U10) -> 0 | AN27: =IF(AH27="","",$AP$16-AM27) -> 0
AH28: =IF($AL$16/$AK$16>Apoio!T11/Apoio!N43,Apoio!M43,"") -> GN + H2 20 % | AI28: =IF(AH28="","",IF(AH28=$AJ$16,$AM$16,$AM$16*($AK$16/Apoio!N43))) -> 0 | AJ28: =IF(AH28="","",AI28*Apoio!T12) -> 0 | AK28: =IF(AH28="","",$AN$16-AJ28) -> 0 | AL28: =IF(AH28="","",(($AN$16-AJ28)/$AN$16*100)) -> #DIV/0! | AM28: =IF(AH28="","",AI28*Apoio!U11) -> 0 | AN28: =IF(AH28="","",$AP$16-AM28) -> 0
AH29: =IF($AL$16/$AK$16>Apoio!T12/Apoio!N44,Apoio!M44,"") -> GN + H2 10 % | AI29: =IF(AH29="","",IF(AH29=$AJ$16,$AM$16,$AM$16*($AK$16/Apoio!N44))) -> 0 | AJ29: =IF(AH29="","",AI29*Apoio!T10) -> 0 | AK29: =IF(AH29="","",$AN$16-AJ29) -> 0 | AL29: =IF(AH29="","",(($AN$16-AJ29)/$AN$16*100)) -> #DIV/0! | AM29: =IF(AH29="","",AI29*Apoio!U12) -> 0 | AN29: =IF(AH29="","",$AP$16-AM29) -> 0
B30: Soluções Para Cogeração | C30: =B8&" "&C8 -> Cogeração Gás Natural | AH30: =IF($AL$16/$AK$16>Apoio!T13/Apoio!N45,Apoio!M45,"") -> Gás Natural | AI30: =IF(AH30="","",IF(AH30=$AJ$16,$AM$16,$AM$16*($AK$16/Apoio!N45))) -> 0 | AJ30: =IF(AH30="","",AI30*Apoio!T13) -> 0 | AK30: =IF(AH30="","",$AN$16-AJ30) -> 0 | AL30: =IF(AH30="","",(($AN$16-AJ30)/$AN$16*100)) -> #DIV/0! | AM30: =IF(AH30="","",AI30*Apoio!U13) -> 0 | AN30: =IF(AH30="","",$AP$16-AM30) -> 0
B31: Alternativas Viáveis | C31: Consumo kWh/ano | D31: Emissões Kg CO2eq | E31: Redução das Emissões (kg CO2eq) | F31: Redução das Emissões (%) | G31: Custo de energia (€) | H31: Poupança económica (€) | AH31: =IF($AL$16/$AK$16>Apoio!T14/Apoio!N46,Apoio!M46,"") | AI31: =IF(AH31="","",IF(AH31=$AJ$16,$AM$16,$AM$16*($AK$16/Apoio!N46))) | AJ31: =IF(AH31="","",AI31*Apoio!T14) | AK31: =IF(AH31="","",$AN$16-AJ31) | AL31: =IF(AH31="","",(($AN$16-AJ31)/$AN$16*100)) | AM31: =IF(AH31="","",AI31*Apoio!U14) | AN31: =IF(AH31="","",$AP$16-AM31)
B32: =IF($E$8/$D$8>Apoio!T6/Apoio!N54,Apoio!M54,"") -> Biometano | C32: =IF(B32="","",IF(B32=$C$8,$F$8,$F$8*($D$8/Apoio!N54))) -> 54857.143 | D32: =IF(B32="","",C32*Apoio!T6) -> 2194.0663 | E32: =IF(B32="","",$G$8-D32) -> 9988.7657 | F32: =IF(B32="","",(($G$8-D32)/$G$8*100)) -> 81.990507 | G32: =IF(B32="","",C32*Apoio!U6) -> 6692.5714 | H32: =IF(B32="","",$I$8-G32) -> -2012.5714 | AH32: =IF($AL$16/$AK$16>Apoio!T15/Apoio!N47,Apoio!M47,"") | AI32: =IF(AH32="","",IF(AH32=$AJ$16,$AM$16,$AM$16*($AK$16/Apoio!N47))) | AJ32: =IF(AH32="","",AI32*Apoio!T15) | AK32: =IF(AH32="","",$AN$16-AJ32) | AL32: =IF(AH32="","",(($AN$16-AJ32)/$AN$16*100)) | AM32: =IF(AH32="","",AI32*Apoio!U15) | AN32: =IF(AH32="","",$AP$16-AM32)
B33: =IF($E$8/$D$8>Apoio!T7/Apoio!N55,Apoio!M55,"") -> Hidrogénio | C33: =IF(B33="","",IF(B33=$C$8,$F$8,$F$8*($D$8/Apoio!N55))) -> 54857.143 | D33: =IF(B33="","",C33*Apoio!T7) -> 0 | E33: =IF(B33="","",$G$8-D33) -> 12182.832 | F33: =IF(B33="","",(($G$8-D33)/$G$8*100)) -> 100 | G33: =IF(B33="","",C33*Apoio!U7) -> 10697.143 | H33: =IF(B33="","",$I$8-G33) -> -6017.1429 | AH33: =IF($AL$16/$AK$16>Apoio!T16/Apoio!N48,Apoio!M48,"") | AI33: =IF(AH33="","",IF(AH33=$AJ$16,$AM$16,$AM$16*($AK$16/Apoio!N48))) | AJ33: =IF(AH33="","",AI33*Apoio!T16) | AK33: =IF(AH33="","",$AN$16-AJ33) | AL33: =IF(AH33="","",(($AN$16-AJ33)/$AN$16*100)) | AM33: =IF(AH33="","",AI33*Apoio!U16) | AN33: =IF(AH33="","",$AP$16-AM33)
B34: =IF($E$8/$D$8>Apoio!T8/Apoio!N56,Apoio!M56,"") -> Biomassa | C34: =IF(B34="","",IF(B34=$C$8,$F$8,$F$8*($D$8/Apoio!N56))) -> 54857.143 | D34: =IF(B34="","",C34*Apoio!T8) -> 0 | E34: =IF(B34="","",$G$8-D34) -> 12182.832 | F34: =IF(B34="","",(($G$8-D34)/$G$8*100)) -> 100 | G34: =IF(B34="","",C34*Apoio!U8) -> 564.26057 | H34: =IF(B34="","",$I$8-G34) -> 4115.7394 | AH34: =IF($AL$16/$AK$16>Apoio!T17/Apoio!N49,Apoio!M49,"") | AI34: =IF(AH34="","",IF(AH34=$AJ$16,$AM$16,$AM$16*($AK$16/Apoio!N49))) | AJ34: =IF(AH34="","",AI34*Apoio!T17) | AK34: =IF(AH34="","",$AN$16-AJ34) | AL34: =IF(AH34="","",(($AN$16-AJ34)/$AN$16*100)) | AM34: =IF(AH34="","",AI34*Apoio!U17) | AN34: =IF(AH34="","",$AP$16-AM34)
B35: =IF($E$8/$D$8>Apoio!T9/Apoio!N57,Apoio!M57,"") -> GN + Biometano 50 % | C35: =IF(B35="","",IF(B35=$C$8,$F$8,$F$8*($D$8/Apoio!N57))) -> 54857.143 | D35: =IF(B35="","",C35*Apoio!T9) -> 6019.3646 | E35: =IF(B35="","",$G$8-D35) -> 6163.4674 | F35: =IF(B35="","",(($G$8-D35)/$G$8*100)) -> 50.591418 | G35: =IF(B35="","",C35*Apoio!U9) -> 5472 | H35: =IF(B35="","",$I$8-G35) -> -792 | AH35: =IF($AL$16/$AK$16>Apoio!T18/Apoio!N50,Apoio!M50,"") | AI35: =IF(AH35="","",IF(AH35=$AJ$16,$AM$16,$AM$16*($AK$16/Apoio!N50))) | AJ35: =IF(AH35="","",AI35*Apoio!T18) | AK35: =IF(AH35="","",$AN$16-AJ35) | AL35: =IF(AH35="","",(($AN$16-AJ35)/$AN$16*100)) | AM35: =IF(AH35="","",AI35*Apoio!U18) | AN35: =IF(AH35="","",$AP$16-AM35)
B36: =IF($E$8/$D$8>Apoio!T11/Apoio!N58,Apoio!M58,"") -> GN + H2 20 % | C36: =IF(B36="","",IF(B36=$C$8,$F$8,$F$8*($D$8/Apoio!N58))) -> 54857.143 | D36: =IF(B36="","",C36*Apoio!T11) -> 10322.578 | E36: =IF(B36="","",$G$8-D36) -> 1860.2537 | F36: =IF(B36="","",(($G$8-D36)/$G$8*100)) -> 15.269469 | G36: =IF(B36="","",C36*Apoio!U11) -> 5540.5714 | H36: =IF(B36="","",$I$8-G36) -> -860.57143
B37: =IF($E$8/$D$8>Apoio!T12/Apoio!N59,Apoio!M59,"") -> GN + H2 10 % | C37: =IF(B37="","",IF(B37=$C$8,$F$8,$F$8*($D$8/Apoio!N59))) -> 54857.143 | D37: =IF(B37="","",C37*Apoio!T12) -> 10766.329 | E37: =IF(B37="","",$G$8-D37) -> 1416.5033 | F37: =IF(B37="","",(($G$8-D37)/$G$8*100)) -> 11.627045 | G37: =IF(B37="","",C37*Apoio!U12) -> 4896 | H37: =IF(B37="","",$I$8-G37) -> -216 | AH37: Soluções Para Cogeração | AI37: =AH15&" "&AJ15 -> Forno Gás Natural
B38: =IF($E$8/$D$8>Apoio!T13/Apoio!N60,Apoio!M60,"") -> Gás Natural | C38: =IF(B38="","",IF(B38=$C$8,$F$8,$F$8*($D$8/Apoio!N60))) -> 60000 | D38: =IF(B38="","",C38*Apoio!T13) -> 12182.832 | E38: =IF(B38="","",$G$8-D38) -> 0 | F38: =IF(B38="","",(($G$8-D38)/$G$8*100)) -> 0 | G38: =IF(B38="","",C38*Apoio!U13) -> 4650 | H38: =IF(B38="","",$I$8-G38) -> 30 | AH38: Alternativas Viáveis | AI38: Consumo kWh/ano | AJ38: Emissões Kg CO2eq | AK38: Redução das Emissões (kg CO2eq) | AL38: Redução das Emissões (%) | AM38: Custo de energia (€) | AN38: Poupança económica (€)
B39: =IF($E$8/$D$8>Apoio!T14/Apoio!N61,Apoio!M61,"") | C39: =IF(B39="","",IF(B39=$C$8,$F$8,$F$8*($D$8/Apoio!N61))) | D39: =IF(B39="","",C39*Apoio!T14) | E39: =IF(B39="","",$G$8-D39) | F39: =IF(B39="","",(($G$8-D39)/$G$8*100)) | G39: =IF(B39="","",C39*Apoio!U14) | H39: =IF(B39="","",$I$8-G39) | AH39: =IF($AL$15/$AK$15>Apoio!T6/Apoio!N54,Apoio!M54,"") -> Biometano | AI39: =IF(AH39="","",IF(AH39=$AJ$15,$AM$15,$AM$15*($AK$15/Apoio!N54))) -> 16638.655 | AJ39: =IF(AH39="","",AI39*Apoio!T6) -> 665.47966 | AK39: =IF(AH39="","",$AN$15-AJ39) -> 2917.7062 | AL39: =IF(AH39="","",(($AN$15-AJ39)/$AN$15*100)) -> 81.42771 | AM39: =IF(AH39="","",AI39*Apoio!U6) -> 2029.916 | AN39: =IF(AH39="","",$AP$15-AM39) -> -653.44538
B40: =IF($E$8/$D$8>Apoio!T15/Apoio!N62,Apoio!M62,"") | C40: =IF(B40="","",IF(B40=$C$8,$F$8,$F$8*($D$8/Apoio!N62))) | D40: =IF(B40="","",C40*Apoio!T15) | E40: =IF(B40="","",$G$8-D40) | F40: =IF(B40="","",(($G$8-D40)/$G$8*100)) | G40: =IF(B40="","",C40*Apoio!U15) | H40: =IF(B40="","",$I$8-G40) | AH40: =IF($AL$15/$AK$15>Apoio!T7/Apoio!N55,Apoio!M55,"") -> Hidrogénio | AI40: =IF(AH40="","",IF(AH40=$AJ$15,$AM$15,$AM$15*($AK$15/Apoio!N55))) -> 16638.655 | AJ40: =IF(AH40="","",AI40*Apoio!T7) -> 0 | AK40: =IF(AH40="","",$AN$15-AJ40) -> 3583.1859 | AL40: =IF(AH40="","",(($AN$15-AJ40)/$AN$15*100)) -> 100 | AM40: =IF(AH40="","",AI40*Apoio!U7) -> 3244.5378 | AN40: =IF(AH40="","",$AP$15-AM40) -> -1868.0672
B41: =IF($E$8/$D$8>Apoio!T16/Apoio!N63,Apoio!M63,"") | C41: =IF(B41="","",IF(B41=$C$8,$F$8,$F$8*($D$8/Apoio!N63))) | D41: =IF(B41="","",C41*Apoio!T16) | E41: =IF(B41="","",$G$8-D41) | F41: =IF(B41="","",(($G$8-D41)/$G$8*100)) | G41: =IF(B41="","",C41*Apoio!U16) | H41: =IF(B41="","",$I$8-G41) | AH41: =IF($AL$15/$AK$15>Apoio!T9/Apoio!N56,Apoio!M56,"") -> Biomassa | AI41: =IF(AH41="","",IF(AH41=$AJ$15,$AM$15,$AM$15*($AK$15/Apoio!N56))) -> 16638.655 | AJ41: =IF(AH41="","",AI41*Apoio!T9) -> 1825.7264 | AK41: =IF(AH41="","",$AN$15-AJ41) -> 1757.4595 | AL41: =IF(AH41="","",(($AN$15-AJ41)/$AN$15*100)) -> 49.0474 | AM41: =IF(AH41="","",AI41*Apoio!U9) -> 1659.7059 | AN41: =IF(AH41="","",$AP$15-AM41) -> -283.23529
B42: =IF($E$8/$D$8>Apoio!T17/Apoio!N64,Apoio!M64,"") | C42: =IF(B42="","",IF(B42=$C$8,$F$8,$F$8*($D$8/Apoio!N64))) | D42: =IF(B42="","",C42*Apoio!T17) | E42: =IF(B42="","",$G$8-D42) | F42: =IF(B42="","",(($G$8-D42)/$G$8*100)) | G42: =IF(B42="","",C42*Apoio!U17) | H42: =IF(B42="","",$I$8-G42) | AH42: =IF($AL$15/$AK$15>Apoio!T8/Apoio!N57,Apoio!M57,"") -> GN + Biometano 50 % | AI42: =IF(AH42="","",IF(AH42=$AJ$15,$AM$15,$AM$15*($AK$15/Apoio!N57))) -> 16638.655 | AJ42: =IF(AH42="","",AI42*Apoio!T8) -> 0 | AK42: =IF(AH42="","",$AN$15-AJ42) -> 3583.1859 | AL42: =IF(AH42="","",(($AN$15-AJ42)/$AN$15*100)) -> 100 | AM42: =IF(AH42="","",AI42*Apoio!U8) -> 171.14521 | AN42: =IF(AH42="","",$AP$15-AM42) -> 1205.3254
B43: =IF($E$8/$D$8>Apoio!T18/Apoio!N65,Apoio!M65,"") | C43: =IF(B43="","",IF(B43=$C$8,$F$8,$F$8*($D$8/Apoio!N65))) | D43: =IF(B43="","",C43*Apoio!T18) | E43: =IF(B43="","",$G$8-D43) | F43: =IF(B43="","",(($G$8-D43)/$G$8*100)) | G43: =IF(B43="","",C43*Apoio!U18) | H43: =IF(B43="","",$I$8-G43) | AH43: =IF($AL$15/$AK$15>Apoio!T12/Apoio!N58,Apoio!M58,"") -> GN + H2 20 % | AI43: =IF(AH43="","",IF(AH43=$AJ$15,$AM$15,$AM$15*($AK$15/Apoio!N58))) -> 16638.655 | AJ43: =IF(AH43="","",AI43*Apoio!T12) -> 3265.5225 | AK43: =IF(AH43="","",$AN$15-AJ43) -> 317.66339 | AL43: =IF(AH43="","",(($AN$15-AJ43)/$AN$15*100)) -> 8.8653898 | AM43: =IF(AH43="","",AI43*Apoio!U12) -> 1485 | AN43: =IF(AH43="","",$AP$15-AM43) -> -108.52941
AH44: =IF($AL$15/$AK$15>Apoio!T10/Apoio!N59,Apoio!M59,"") -> GN + H2 10 % | AI44: =IF(AH44="","",IF(AH44=$AJ$15,$AM$15,$AM$15*($AK$15/Apoio!N59))) -> 16638.655 | AJ44: =IF(AH44="","",AI44*Apoio!T10) -> 2512.437 | AK44: =IF(AH44="","",$AN$15-AJ44) -> 1070.7489 | AL44: =IF(AH44="","",(($AN$15-AJ44)/$AN$15*100)) -> 29.882595 | AM44: =IF(AH44="","",AI44*Apoio!U10) -> 2089.1496 | AN44: =IF(AH44="","",$AP$15-AM44) -> -712.67899
AH45: =IF($AL$15/$AK$15>Apoio!T13/Apoio!N60,Apoio!M60,"") -> Gás Natural | AI45: =IF(AH45="","",IF(AH45=$AJ$15,$AM$15,$AM$15*($AK$15/Apoio!N60))) -> 17647.059 | AJ45: =IF(AH45="","",AI45*Apoio!T13) -> 3583.1859 | AK45: =IF(AH45="","",$AN$15-AJ45) -> 0 | AL45: =IF(AH45="","",(($AN$15-AJ45)/$AN$15*100)) -> 0 | AM45: =IF(AH45="","",AI45*Apoio!U13) -> 1367.6471 | AN45: =IF(AH45="","",$AP$15-AM45) -> 8.8235294
B46: Soluções Para Fornos | C46: =B6&" "&C6 -> Forno Gás Natural | AH46: =IF($AL$15/$AK$15>Apoio!T14/Apoio!N61,Apoio!M61,"") | AI46: =IF(AH46="","",IF(AH46=$AJ$15,$AM$15,$AM$15*($AK$15/Apoio!N61))) | AJ46: =IF(AH46="","",AI46*Apoio!T14) | AK46: =IF(AH46="","",$AN$15-AJ46) | AL46: =IF(AH46="","",(($AN$15-AJ46)/$AN$15*100)) | AM46: =IF(AH46="","",AI46*Apoio!U14) | AN46: =IF(AH46="","",$AP$15-AM46)
B47: Alternativas Viáveis | C47: Consumo kWh/ano | D47: Emissões Kg CO2eq | E47: Redução das Emissões (kg CO2eq) | F47: Redução das Emissões (%) | G47: Custo de energia (€) | H47: Poupança económica (€) | AH47: =IF($AL$15/$AK$15>Apoio!T15/Apoio!N62,Apoio!M62,"") | AI47: =IF(AH47="","",IF(AH47=$AJ$15,$AM$15,$AM$15*($AK$15/Apoio!N62))) | AJ47: =IF(AH47="","",AI47*Apoio!T15) | AK47: =IF(AH47="","",$AN$15-AJ47) | AL47: =IF(AH47="","",(($AN$15-AJ47)/$AN$15*100)) | AM47: =IF(AH47="","",AI47*Apoio!U15) | AN47: =IF(AH47="","",$AP$15-AM47)
B48: =IF($E$6/$D$6>Apoio!T6/Apoio!N22,Apoio!M22,"") -> Biometano | C48: =IF(B48="","",IF(B48=$C$6,$F$6,$F$6*($D$6/Apoio!N22))) -> 50909.091 | D48: =IF(B48="","",C48*Apoio!T6) -> 2036.16 | E48: =IF(B48="","",$G$6-D48) -> 8623.818 | F48: =IF(B48="","",(($G$6-D48)/$G$6*100)) -> 80.899022 | G48: =IF(B48="","",C48*Apoio!U6) -> 6210.9091 | H48: =IF(B48="","",$I$6-G48) -> -2115.9091 | AH48: =IF($AL$15/$AK$15>Apoio!T16/Apoio!N63,Apoio!M63,"") | AI48: =IF(AH48="","",IF(AH48=$AJ$15,$AM$15,$AM$15*($AK$15/Apoio!N63))) | AJ48: =IF(AH48="","",AI48*Apoio!T16) | AK48: =IF(AH48="","",$AN$15-AJ48) | AL48: =IF(AH48="","",(($AN$15-AJ48)/$AN$15*100)) | AM48: =IF(AH48="","",AI48*Apoio!U16) | AN48: =IF(AH48="","",$AP$15-AM48)
B49: =IF($E$6/$D$6>Apoio!T7/Apoio!N23,Apoio!M23,"") -> Hidrogénio | C49: =IF(B49="","",IF(B49=$C$6,$F$6,$F$6*($D$6/Apoio!N23))) -> 50909.091 | D49: =IF(B49="","",C49*Apoio!T7) -> 0 | E49: =IF(B49="","",$G$6-D49) -> 10659.978 | F49: =IF(B49="","",(($G$6-D49)/$G$6*100)) -> 100 | G49: =IF(B49="","",C49*Apoio!U7) -> 9927.2727 | H49: =IF(B49="","",$I$6-G49) -> -5832.2727 | AH49: =IF($AL$15/$AK$15>Apoio!T17/Apoio!N64,Apoio!M64,"") | AI49: =IF(AH49="","",IF(AH49=$AJ$15,$AM$15,$AM$15*($AK$15/Apoio!N64))) | AJ49: =IF(AH49="","",AI49*Apoio!T17) | AK49: =IF(AH49="","",$AN$15-AJ49) | AL49: =IF(AH49="","",(($AN$15-AJ49)/$AN$15*100)) | AM49: =IF(AH49="","",AI49*Apoio!U17) | AN49: =IF(AH49="","",$AP$15-AM49)
B50: =IF($E$6/$D$6>Apoio!T8/Apoio!N24,Apoio!M24,"") -> Biomassa | C50: =IF(B50="","",IF(B50=$C$6,$F$6,$F$6*($D$6/Apoio!N24))) -> 50909.091 | D50: =IF(B50="","",C50*Apoio!T8) -> 0 | E50: =IF(B50="","",$G$6-D50) -> 10659.978 | F50: =IF(B50="","",(($G$6-D50)/$G$6*100)) -> 100 | G50: =IF(B50="","",C50*Apoio!U8) -> 523.65091 | H50: =IF(B50="","",$I$6-G50) -> 3571.3491 | AH50: =IF($AL$15/$AK$15>Apoio!T18/Apoio!N65,Apoio!M65,"") | AI50: =IF(AH50="","",IF(AH50=$AJ$15,$AM$15,$AM$15*($AK$15/Apoio!N65))) | AJ50: =IF(AH50="","",AI50*Apoio!T18) | AK50: =IF(AH50="","",$AN$15-AJ50) | AL50: =IF(AH50="","",(($AN$15-AJ50)/$AN$15*100)) | AM50: =IF(AH50="","",AI50*Apoio!U18) | AN50: =IF(AH50="","",$AP$15-AM50)
B51: =IF($E$6/$D$6>Apoio!T9/Apoio!N25,Apoio!M25,"") -> GN + Biometano 50 % | C51: =IF(B51="","",IF(B51=$C$6,$F$6,$F$6*($D$6/Apoio!N25))) -> 50909.091 | D51: =IF(B51="","",C51*Apoio!T9) -> 5586.1527 | E51: =IF(B51="","",$G$6-D51) -> 5073.8253 | F51: =IF(B51="","",(($G$6-D51)/$G$6*100)) -> 47.596958 | G51: =IF(B51="","",C51*Apoio!U9) -> 5078.1818 | H51: =IF(B51="","",$I$6-G51) -> -983.18182
B52: =IF($E$6/$D$6>Apoio!T10/Apoio!N26,Apoio!M26,"") -> Eletricidade | C52: =IF(B52="","",IF(B52=$C$6,$F$6,$F$6*($D$6/Apoio!N26))) -> 46927.374 | D52: =IF(B52="","",C52*Apoio!T10) -> 7086.0335 | E52: =IF(B52="","",$G$6-D52) -> 3573.9445 | F52: =IF(B52="","",(($G$6-D52)/$G$6*100)) -> 33.526753 | G52: =IF(B52="","",C52*Apoio!U10) -> 5892.2011 | H52: =IF(B52="","",$I$6-G52) -> -1797.2011 | AI52: =+AI56+AI40 -> 29365.928
B53: =IF($E$6/$D$6>Apoio!T11/Apoio!N27,Apoio!M27,"") -> GN + H2 20 % | C53: =IF(B53="","",IF(B53=$C$6,$F$6,$F$6*($D$6/Apoio!N27))) -> 50909.091 | D53: =IF(B53="","",C53*Apoio!T11) -> 9579.6655 | E53: =IF(B53="","",$G$6-D53) -> 1080.3125 | F53: =IF(B53="","",(($G$6-D53)/$G$6*100)) -> 10.134285 | G53: =IF(B53="","",C53*Apoio!U11) -> 5141.8182 | H53: =IF(B53="","",$I$6-G53) -> -1046.8182 | AH53: Soluções Para Fornos | AI53: =AH14&" "&AJ14 -> Caldeira Gás Natural
B54: =IF($E$6/$D$6>Apoio!T12/Apoio!N28,Apoio!M28,"") -> GN + H2 10 % | C54: =IF(B54="","",IF(B54=$C$6,$F$6,$F$6*($D$6/Apoio!N28))) -> 50909.091 | D54: =IF(B54="","",C54*Apoio!T12) -> 9991.4793 | E54: =IF(B54="","",$G$6-D54) -> 668.49873 | F54: =IF(B54="","",(($G$6-D54)/$G$6*100)) -> 6.2711079 | G54: =IF(B54="","",C54*Apoio!U12) -> 4543.6364 | H54: =IF(B54="","",$I$6-G54) -> -448.63636 | AH54: Alternativas Viáveis | AI54: Consumo kWh/ano | AJ54: Emissões Kg CO2eq | AK54: Redução das Emissões (kg CO2eq) | AL54: Redução das Emissões (%) | AM54: Custo de energia (€) | AN54: Poupança económica (€) | AO54: =+AM40+AM56 -> 5726.356
B55: =IF($E$6/$D$6>Apoio!T13/Apoio!N29,Apoio!M29,"") -> Gás Natural | C55: =IF(B55="","",IF(B55=$C$6,$F$6,$F$6*($D$6/Apoio!N29))) -> 52500 | D55: =IF(B55="","",C55*Apoio!T13) -> 10659.978 | E55: =IF(B55="","",$G$6-D55) -> 0 | F55: =IF(B55="","",(($G$6-D55)/$G$6*100)) -> 0 | G55: =IF(B55="","",C55*Apoio!U13) -> 4068.75 | H55: =IF(B55="","",$I$6-G55) -> 26.25 | AH55: =IF($AL$14/$AK$14>Apoio!T6/Apoio!N22,Apoio!M22,"") -> Biometano | AI55: =IF(AH55="","",IF(AH55=$AJ$14,$AM$14,$AM$14*($AK$14/Apoio!N22))) -> 12727.273 | AJ55: =IF(AH55="","",AI55*Apoio!T6) -> 509.04 | AK55: =IF(AH55="","",$AN$14-AJ55) -> 1999.1901 | AL55: =IF(AH55="","",(($AN$14-AJ55)/$AN$14*100)) -> 79.705211 | AM55: =IF(AH55="","",AI55*Apoio!U6) -> 1552.7273 | AN55: =IF(AH55="","",$AP$14-AM55) -> -589.19786
B56: =IF($E$6/$D$6>Apoio!T14/Apoio!N30,Apoio!M30,"") | C56: =IF(B56="","",IF(B56=$C$6,$F$6,$F$6*($D$6/Apoio!N30))) | D56: =IF(B56="","",C56*Apoio!T14) | E56: =IF(B56="","",$G$6-D56) | F56: =IF(B56="","",(($G$6-D56)/$G$6*100)) | G56: =IF(B56="","",C56*Apoio!U14) | H56: =IF(B56="","",$I$6-G56) | AH56: =IF($AL$14/$AK$14>Apoio!T7/Apoio!N23,Apoio!M23,"") -> Hidrogénio | AI56: =IF(AH56="","",IF(AH56=$AJ$14,$AM$14,$AM$14*($AK$14/Apoio!N23))) -> 12727.273 | AJ56: =IF(AH56="","",AI56*Apoio!T7) -> 0 | AK56: =IF(AH56="","",$AN$14-AJ56) -> 2508.2301 | AL56: =IF(AH56="","",(($AN$14-AJ56)/$AN$14*100)) -> 100 | AM56: =IF(AH56="","",AI56*Apoio!U7) -> 2481.8182 | AN56: =IF(AH56="","",$AP$14-AM56) -> -1518.2888
B57: =IF($E$6/$D$6>Apoio!T15/Apoio!N31,Apoio!M31,"") | C57: =IF(B57="","",IF(B57=$C$6,$F$6,$F$6*($D$6/Apoio!N31))) | D57: =IF(B57="","",C57*Apoio!T15) | E57: =IF(B57="","",$G$6-D57) | F57: =IF(B57="","",(($G$6-D57)/$G$6*100)) | G57: =IF(B57="","",C57*Apoio!U15) | H57: =IF(B57="","",$I$6-G57) | AH57: =IF($AL$14/$AK$14>Apoio!T8/Apoio!N24,Apoio!M24,"") -> Biomassa | AI57: =IF(AH57="","",IF(AH57=$AJ$14,$AM$14,$AM$14*($AK$14/Apoio!N24))) -> 12727.273 | AJ57: =IF(AH57="","",AI57*Apoio!T9) -> 1396.5382 | AK57: =IF(AH57="","",$AN$14-AJ57) -> 1111.6919 | AL57: =IF(AH57="","",(($AN$14-AJ57)/$AN$14*100)) -> 44.321768 | AM57: =IF(AH57="","",AI57*Apoio!U9) -> 1269.5455 | AN57: =IF(AH57="","",$AP$14-AM57) -> -306.01604
B58: =IF($E$6/$D$6>Apoio!T16/Apoio!N32,Apoio!M32,"") | C58: =IF(B58="","",IF(B58=$C$6,$F$6,$F$6*($D$6/Apoio!N32))) | D58: =IF(B58="","",C58*Apoio!T16) | E58: =IF(B58="","",$G$6-D58) | F58: =IF(B58="","",(($G$6-D58)/$G$6*100)) | G58: =IF(B58="","",C58*Apoio!U16) | H58: =IF(B58="","",$I$6-G58) | AH58: =IF($AL$14/$AK$14>Apoio!T9/Apoio!N25,Apoio!M25,"") -> GN + Biometano 50 % | AI58: =IF(AH58="","",IF(AH58=$AJ$14,$AM$14,$AM$14*($AK$14/Apoio!N25))) -> 12727.273 | AJ58: =IF(AH58="","",AI58*Apoio!T8) -> 0 | AK58: =IF(AH58="","",$AN$14-AJ58) -> 2508.2301 | AL58: =IF(AH58="","",(($AN$14-AJ58)/$AN$14*100)) -> 100 | AM58: =IF(AH58="","",AI58*Apoio!U8) -> 130.91273 | AN58: =IF(AH58="","",$AP$14-AM58) -> 832.61668
B59: =IF($E$6/$D$6>Apoio!T17/Apoio!N33,Apoio!M33,"") | C59: =IF(B59="","",IF(B59=$C$6,$F$6,$F$6*($D$6/Apoio!N33))) | D59: =IF(B59="","",C59*Apoio!T17) | E59: =IF(B59="","",$G$6-D59) | F59: =IF(B59="","",(($G$6-D59)/$G$6*100)) | G59: =IF(B59="","",C59*Apoio!U17) | H59: =IF(B59="","",$I$6-G59) | AH59: =IF($AL$14/$AK$14>Apoio!T10/Apoio!N26,Apoio!M26,"") -> Eletricidade | AI59: =IF(AH59="","",IF(AH59=$AJ$14,$AM$14,$AM$14*($AK$14/Apoio!N26))) -> 11731.844 | AJ59: =IF(AH59="","",AI59*Apoio!T11) -> 2207.6045 | AK59: =IF(AH59="","",$AN$14-AJ59) -> 300.62565 | AL59: =IF(AH59="","",(($AN$14-AJ59)/$AN$14*100)) -> 11.985569 | AM59: =IF(AH59="","",AI59*Apoio!U11) -> 1184.9162 | AN59: =IF(AH59="","",$AP$14-AM59) -> -221.38679
B60: =IF($E$6/$D$6>Apoio!T18/Apoio!N34,Apoio!M34,"") | C60: =IF(B60="","",IF(B60=$C$6,$F$6,$F$6*($D$6/Apoio!N34))) | D60: =IF(B60="","",C60*Apoio!T18) | E60: =IF(B60="","",$G$6-D60) | F60: =IF(B60="","",(($G$6-D60)/$G$6*100)) | G60: =IF(B60="","",C60*Apoio!U18) | H60: =IF(B60="","",$I$6-G60) | AH60: =IF($AL$14/$AK$14>Apoio!T11/Apoio!N27,Apoio!M27,"") -> GN + H2 20 % | AI60: =IF(AH60="","",IF(AH60=$AJ$14,$AM$14,$AM$14*($AK$14/Apoio!N27))) -> 12727.273 | AJ60: =IF(AH60="","",AI60*Apoio!T12) -> 2497.8698 | AK60: =IF(AH60="","",$AN$14-AJ60) -> 10.360299 | AL60: =IF(AH60="","",(($AN$14-AJ60)/$AN$14*100)) -> 0.41305219 | AM60: =IF(AH60="","",AI60*Apoio!U12) -> 1135.9091 | AN60: =IF(AH60="","",$AP$14-AM60) -> -172.37968
AH61: =IF($AL$14/$AK$14>Apoio!T12/Apoio!N28,Apoio!M28,"") -> GN + H2 10 % | AI61: =IF(AH61="","",IF(AH61=$AJ$14,$AM$14,$AM$14*($AK$14/Apoio!N28))) -> 12727.273 | AJ61: =IF(AH61="","",AI61*Apoio!T10) -> 1921.8182 | AK61: =IF(AH61="","",$AN$14-AJ61) -> 586.41194 | AL61: =IF(AH61="","",(($AN$14-AJ61)/$AN$14*100)) -> 23.379511 | AM61: =IF(AH61="","",AI61*Apoio!U10) -> 1598.0364 | AN61: =IF(AH61="","",$AP$14-AM61) -> -634.50695
B62: Soluções Para Queimadores dedicados a estufas ou banhos térmicos | C62: =B9&" "&C9 -> Queimador (Dedicado a estufas ou banhos térmicos) Gás Natural | AH62: =IF($AL$14/$AK$14>Apoio!T13/Apoio!N29,Apoio!M29,"") | AI62: =IF(AH62="","",IF(AH62=$AJ$14,$AM$14,$AM$14*($AK$14/Apoio!N29))) | AJ62: =IF(AH62="","",AI62*Apoio!T13) | AK62: =IF(AH62="","",$AN$14-AJ62) | AL62: =IF(AH62="","",(($AN$14-AJ62)/$AN$14*100)) | AM62: =IF(AH62="","",AI62*Apoio!U13) | AN62: =IF(AH62="","",$AP$14-AM62)
B63: Alternativas Viáveis | C63: Consumo kWh/ano | D63: Emissões Kg CO2eq | E63: Redução das Emissões (kg CO2eq) | F63: Redução das Emissões (%) | G63: Custo de energia (€) | H63: Poupança económica (€) | AH63: =IF($AL$14/$AK$14>Apoio!T14/Apoio!N30,Apoio!M30,"") | AI63: =IF(AH63="","",IF(AH63=$AJ$14,$AM$14,$AM$14*($AK$14/Apoio!N30))) | AJ63: =IF(AH63="","",AI63*Apoio!T14) | AK63: =IF(AH63="","",$AN$14-AJ63) | AL63: =IF(AH63="","",(($AN$14-AJ63)/$AN$14*100)) | AM63: =IF(AH63="","",AI63*Apoio!U14) | AN63: =IF(AH63="","",$AP$14-AM63)
B64: =IF($E$9/$D$9>Apoio!T6/Apoio!N69,Apoio!M69,"") -> Biometano | C64: =IF(B64="","",IF(B64=$C$9,$F$9,$F$9*($D$9/Apoio!N69))) -> 18.823529 | D64: =IF(B64="","",C64*Apoio!T6) -> 0.75286588 | E64: =IF(B64="","",$G$9-D64) -> 3.3080781 | F64: =IF(B64="","",(($G$9-D64)/$G$9*100)) -> 81.460816 | G64: =IF(B64="","",C64*Apoio!U6) -> 2.2964706 | H64: =IF(B64="","",$I$9-G64) -> -0.73647059 | AH64: =IF($AL$14/$AK$14>Apoio!T15/Apoio!N31,Apoio!M31,"") | AI64: =IF(AH64="","",IF(AH64=$AJ$14,$AM$14,$AM$14*($AK$14/Apoio!N31))) | AJ64: =IF(AH64="","",AI64*Apoio!T15) | AK64: =IF(AH64="","",$AN$14-AJ64) | AL64: =IF(AH64="","",(($AN$14-AJ64)/$AN$14*100)) | AM64: =IF(AH64="","",AI64*Apoio!U15) | AN64: =IF(AH64="","",$AP$14-AM64)
B65: =IF($E$9/$D$9>Apoio!T7/Apoio!N70,Apoio!M70,"") -> Hidrogénio | C65: =IF(B65="","",IF(B65=$C$9,$F$9,$F$9*($D$9/Apoio!N70))) -> 18.823529 | D65: =IF(B65="","",C65*Apoio!T7) -> 0 | E65: =IF(B65="","",$G$9-D65) -> 4.060944 | F65: =IF(B65="","",(($G$9-D65)/$G$9*100)) -> 100 | G65: =IF(B65="","",C65*Apoio!U7) -> 3.6705882 | H65: =IF(B65="","",$I$9-G65) -> -2.1105882 | AH65: =IF($AL$14/$AK$14>Apoio!T16/Apoio!N32,Apoio!M32,"") | AI65: =IF(AH65="","",IF(AH65=$AJ$14,$AM$14,$AM$14*($AK$14/Apoio!N32))) | AJ65: =IF(AH65="","",AI65*Apoio!T16) | AK65: =IF(AH65="","",$AN$14-AJ65) | AL65: =IF(AH65="","",(($AN$14-AJ65)/$AN$14*100)) | AM65: =IF(AH65="","",AI65*Apoio!U16) | AN65: =IF(AH65="","",$AP$14-AM65)
B66: =IF($E$9/$D$9>Apoio!T9/Apoio!N71,Apoio!M71,"") -> Biomassa | C66: =IF(B66="","",IF(B66=$C$9,$F$9,$F$9*($D$9/Apoio!N71))) -> 18.823529 | D66: =IF(B66="","",C66*Apoio!T9) -> 2.0654682 | E66: =IF(B66="","",$G$9-D66) -> 1.9954758 | F66: =IF(B66="","",(($G$9-D66)/$G$9*100)) -> 49.138224 | G66: =IF(B66="","",C66*Apoio!U9) -> 1.8776471 | H66: =IF(B66="","",$I$9-G66) -> -0.31764706 | AH66: =IF($AL$14/$AK$14>Apoio!T17/Apoio!N33,Apoio!M33,"") | AI66: =IF(AH66="","",IF(AH66=$AJ$14,$AM$14,$AM$14*($AK$14/Apoio!N33))) | AJ66: =IF(AH66="","",AI66*Apoio!T17) | AK66: =IF(AH66="","",$AN$14-AJ66) | AL66: =IF(AH66="","",(($AN$14-AJ66)/$AN$14*100)) | AM66: =IF(AH66="","",AI66*Apoio!U17) | AN66: =IF(AH66="","",$AP$14-AM66)
B67: =IF($E$9/$D$9>Apoio!T8/Apoio!N72,Apoio!M72,"") -> GN + Biometano 50 % | C67: =IF(B67="","",IF(B67=$C$9,$F$9,$F$9*($D$9/Apoio!N72))) -> 18.823529 | D67: =IF(B67="","",C67*Apoio!T8) -> 0 | E67: =IF(B67="","",$G$9-D67) -> 4.060944 | F67: =IF(B67="","",(($G$9-D67)/$G$9*100)) -> 100 | G67: =IF(B67="","",C67*Apoio!U8) -> 0.19361882 | H67: =IF(B67="","",$I$9-G67) -> 1.3663812 | AH67: =IF($AL$14/$AK$14>Apoio!T18/Apoio!N34,Apoio!M34,"") | AI67: =IF(AH67="","",IF(AH67=$AJ$14,$AM$14,$AM$14*($AK$14/Apoio!N34))) | AJ67: =IF(AH67="","",AI67*Apoio!T18) | AK67: =IF(AH67="","",$AN$14-AJ67) | AL67: =IF(AH67="","",(($AN$14-AJ67)/$AN$14*100)) | AM67: =IF(AH67="","",AI67*Apoio!U18) | AN67: =IF(AH67="","",$AP$14-AM67)
B68: =IF($E$9/$D$9>Apoio!T11/Apoio!N73,Apoio!M73,"") -> Eletricidade | C68: =IF(B68="","",IF(B68=$C$9,$F$9,$F$9*($D$9/Apoio!N73))) -> 18.823529 | D68: =IF(B68="","",C68*Apoio!T11) -> 3.5420612 | E68: =IF(B68="","",$G$9-D68) -> 0.51888282 | F68: =IF(B68="","",(($G$9-D68)/$G$9*100)) -> 12.777394 | G68: =IF(B68="","",C68*Apoio!U11) -> 1.9011765 | H68: =IF(B68="","",$I$9-G68) -> -0.34117647
B69: =IF($E$9/$D$9>Apoio!T12/Apoio!N74,Apoio!M74,"") -> GN + H2 20 % | C69: =IF(B69="","",IF(B69=$C$9,$F$9,$F$9*($D$9/Apoio!N74))) -> 18.823529 | D69: =IF(B69="","",C69*Apoio!T12) -> 3.6943285 | E69: =IF(B69="","",$G$9-D69) -> 0.36661553 | F69: =IF(B69="","",(($G$9-D69)/$G$9*100)) -> 9.0278401 | G69: =IF(B69="","",C69*Apoio!U12) -> 1.68 | H69: =IF(B69="","",$I$9-G69) -> -0.12 | AH69: Soluções Para Queimadores dedicados a estufas ou banhos térmicos | AI69: =AH17&" "&AJ17 -> Queimador (Dedicado a estufas ou banhos térmicos) Gás Natural
B70: =IF($E$9/$D$9>Apoio!T10/Apoio!N75,Apoio!M75,"") -> GN + H2 10 % | C70: =IF(B70="","",IF(B70=$C$9,$F$9,$F$9*($D$9/Apoio!N75))) -> 18.823529 | D70: =IF(B70="","",C70*Apoio!T10) -> 2.8423529 | E70: =IF(B70="","",$G$9-D70) -> 1.2185911 | F70: =IF(B70="","",(($G$9-D70)/$G$9*100)) -> 30.007581 | G70: =IF(B70="","",C70*Apoio!U10) -> 2.3634824 | H70: =IF(B70="","",$I$9-G70) -> -0.80348235 | AH70: Alternativas Viáveis | AI70: Consumo kWh/ano | AJ70: Emissões Kg CO2eq | AK70: Redução das Emissões (kg CO2eq) | AL70: Redução das Emissões (%) | AM70: Custo de energia (€) | AN70: Poupança económica (€)
B71: =IF($E$9/$D$9>Apoio!T13/Apoio!N76,Apoio!M76,"") -> Gás Natural | C71: =IF(B71="","",IF(B71=$C$9,$F$9,$F$9*($D$9/Apoio!N76))) -> 20 | D71: =IF(B71="","",C71*Apoio!T13) -> 4.060944 | E71: =IF(B71="","",$G$9-D71) -> 0 | F71: =IF(B71="","",(($G$9-D71)/$G$9*100)) -> 0 | G71: =IF(B71="","",C71*Apoio!U13) -> 1.55 | H71: =IF(B71="","",$I$9-G71) -> 0.01 | AH71: =IF($AL$17/$AK$17>Apoio!T6/Apoio!N69,Apoio!M69,"") -> Biometano | AI71: =IF(AH71="","",IF(AH71=$AJ$17,$AM$17,$AM$17*($AK$17/Apoio!N69))) -> 0 | AJ71: =IF(AH71="","",AI71*Apoio!T6) -> 0 | AK71: =IF(AH71="","",$AN$17-AJ71) -> 0 | AL71: =IF(AH71="","",(($AN$17-AJ71)/$G$9*100)) -> 0 | AM71: =IF(AH71="","",AI71*Apoio!U6) -> 0 | AN71: =IF(AH71="","",$AP$17-AM71) -> 0
B72: =IF($E$9/$D$9>Apoio!T14/Apoio!N77,Apoio!M77,"") | C72: =IF(B72="","",IF(B72=$C$9,$F$9,$F$9*($D$9/Apoio!N77))) | D72: =IF(B72="","",C72*Apoio!T14) | E72: =IF(B72="","",$G$9-D72) | F72: =IF(B72="","",(($G$9-D72)/$G$9*100)) | G72: =IF(B72="","",C72*Apoio!U14) | H72: =IF(B72="","",$I$9-G72) | AH72: =IF($AL$17/$AK$17>Apoio!T7/Apoio!N70,Apoio!M70,"") -> Hidrogénio | AI72: =IF(AH72="","",IF(AH72=$AJ$17,$AM$17,$AM$17*($AK$17/Apoio!N70))) -> 0 | AJ72: =IF(AH72="","",AI72*Apoio!T7) -> 0 | AK72: =IF(AH72="","",$AN$17-AJ72) -> 0 | AL72: =IF(AH72="","",(($AN$17-AJ72)/$G$9*100)) -> 0 | AM72: =IF(AH72="","",AI72*Apoio!U7) -> 0 | AN72: =IF(AH72="","",$AP$17-AM72) -> 0
B73: =IF($E$9/$D$9>Apoio!T15/Apoio!N78,Apoio!M78,"") | C73: =IF(B73="","",IF(B73=$C$9,$F$9,$F$9*($D$9/Apoio!N78))) | D73: =IF(B73="","",C73*Apoio!T15) | E73: =IF(B73="","",$G$9-D73) | F73: =IF(B73="","",(($G$9-D73)/$G$9*100)) | G73: =IF(B73="","",C73*Apoio!U15) | H73: =IF(B73="","",$I$9-G73) | AH73: =IF($AL$17/$AK$17>Apoio!T9/Apoio!N71,Apoio!M71,"") -> Biomassa | AI73: =IF(AH73="","",IF(AH73=$AJ$17,$AM$17,$AM$17*($AK$17/Apoio!N71))) -> 0 | AJ73: =IF(AH73="","",AI73*Apoio!T9) -> 0 | AK73: =IF(AH73="","",$AN$17-AJ73) -> 0 | AL73: =IF(AH73="","",(($AN$17-AJ73)/$G$9*100)) -> 0 | AM73: =IF(AH73="","",AI73*Apoio!U9) -> 0 | AN73: =IF(AH73="","",$AP$17-AM73) -> 0
B74: =IF($E$9/$D$9>Apoio!T16/Apoio!N79,Apoio!M79,"") | C74: =IF(B74="","",IF(B74=$C$9,$F$9,$F$9*($D$9/Apoio!N79))) | D74: =IF(B74="","",C74*Apoio!T16) | E74: =IF(B74="","",$G$9-D74) | F74: =IF(B74="","",(($G$9-D74)/$G$9*100)) | G74: =IF(B74="","",C74*Apoio!U16) | H74: =IF(B74="","",$I$9-G74) | AH74: =IF($AL$17/$AK$17>Apoio!T8/Apoio!N72,Apoio!M72,"") -> GN + Biometano 50 % | AI74: =IF(AH74="","",IF(AH74=$AJ$17,$AM$17,$AM$17*($AK$17/Apoio!N72))) -> 0 | AJ74: =IF(AH74="","",AI74*Apoio!T8) -> 0 | AK74: =IF(AH74="","",$AN$17-AJ74) -> 0 | AL74: =IF(AH74="","",(($AN$17-AJ74)/$G$9*100)) -> 0 | AM74: =IF(AH74="","",AI74*Apoio!U8) -> 0 | AN74: =IF(AH74="","",$AP$17-AM74) -> 0
B75: =IF($E$9/$D$9>Apoio!T17/Apoio!N80,Apoio!M80,"") | C75: =IF(B75="","",IF(B75=$C$9,$F$9,$F$9*($D$9/Apoio!N80))) | D75: =IF(B75="","",C75*Apoio!T17) | E75: =IF(B75="","",$G$9-D75) | F75: =IF(B75="","",(($G$9-D75)/$G$9*100)) | G75: =IF(B75="","",C75*Apoio!U17) | H75: =IF(B75="","",$I$9-G75) | AH75: =IF($AL$17/$AK$17>Apoio!T11/Apoio!N73,Apoio!M73,"") -> Eletricidade | AI75: =IF(AH75="","",IF(AH75=$AJ$17,$AM$17,$AM$17*($AK$17/Apoio!N73))) -> 0 | AJ75: =IF(AH75="","",AI75*Apoio!T11) -> 0 | AK75: =IF(AH75="","",$AN$17-AJ75) -> 0 | AL75: =IF(AH75="","",(($AN$17-AJ75)/$G$9*100)) -> 0 | AM75: =IF(AH75="","",AI75*Apoio!U11) -> 0 | AN75: =IF(AH75="","",$AP$17-AM75) -> 0
B76: =IF($E$9/$D$9>Apoio!T18/Apoio!N81,Apoio!M81,"") | C76: =IF(B76="","",IF(B76=$C$9,$F$9,$F$9*($D$9/Apoio!N81))) | D76: =IF(B76="","",C76*Apoio!T18) | E76: =IF(B76="","",$G$9-D76) | F76: =IF(B76="","",(($G$9-D76)/$G$9*100)) | G76: =IF(B76="","",C76*Apoio!U18) | H76: =IF(B76="","",$I$9-G76) | AH76: =IF($AL$17/$AK$17>Apoio!T12/Apoio!N74,Apoio!M74,"") -> GN + H2 20 % | AI76: =IF(AH76="","",IF(AH76=$AJ$17,$AM$17,$AM$17*($AK$17/Apoio!N74))) -> 0 | AJ76: =IF(AH76="","",AI76*Apoio!T12) -> 0 | AK76: =IF(AH76="","",$AN$17-AJ76) -> 0 | AL76: =IF(AH76="","",(($AN$17-AJ76)/$G$9*100)) -> 0 | AM76: =IF(AH76="","",AI76*Apoio!U12) -> 0 | AN76: =IF(AH76="","",$AP$17-AM76) -> 0
AH77: =IF($AL$17/$AK$17>Apoio!T10/Apoio!N75,Apoio!M75,"") -> GN + H2 10 % | AI77: =IF(AH77="","",IF(AH77=$AJ$17,$AM$17,$AM$17*($AK$17/Apoio!N75))) -> 0 | AJ77: =IF(AH77="","",AI77*Apoio!T10) -> 0 | AK77: =IF(AH77="","",$AN$17-AJ77) -> 0 | AL77: =IF(AH77="","",(($AN$17-AJ77)/$G$9*100)) -> 0 | AM77: =IF(AH77="","",AI77*Apoio!U10) -> 0 | AN77: =IF(AH77="","",$AP$17-AM77) -> 0
AH78: =IF($AL$17/$AK$17>Apoio!T13/Apoio!N76,Apoio!M76,"") -> Gás Natural | AI78: =IF(AH78="","",IF(AH78=$AJ$17,$AM$17,$AM$17*($AK$17/Apoio!N76))) -> 0 | AJ78: =IF(AH78="","",AI78*Apoio!T13) -> 0 | AK78: =IF(AH78="","",$AN$17-AJ78) -> 0 | AL78: =IF(AH78="","",(($AN$17-AJ78)/$G$9*100)) -> 0 | AM78: =IF(AH78="","",AI78*Apoio!U13) -> 0 | AN78: =IF(AH78="","",$AP$17-AM78) -> 0
AH79: =IF($AL$17/$AK$17>Apoio!T14/Apoio!N77,Apoio!M77,"") | AI79: =IF(AH79="","",IF(AH79=$AJ$17,$AM$17,$AM$17*($AK$17/Apoio!N77))) | AJ79: =IF(AH79="","",AI79*Apoio!T14) | AK79: =IF(AH79="","",$AN$17-AJ79) | AL79: =IF(AH79="","",(($AN$17-AJ79)/$G$9*100)) | AM79: =IF(AH79="","",AI79*Apoio!U14) | AN79: =IF(AH79="","",$AP$17-AM79)
AH80: =IF($AL$17/$AK$17>Apoio!T15/Apoio!N78,Apoio!M78,"") | AI80: =IF(AH80="","",IF(AH80=$AJ$17,$AM$17,$AM$17*($AK$17/Apoio!N78))) | AJ80: =IF(AH80="","",AI80*Apoio!T15) | AK80: =IF(AH80="","",$AN$17-AJ80) | AL80: =IF(AH80="","",(($AN$17-AJ80)/$G$9*100)) | AM80: =IF(AH80="","",AI80*Apoio!U15) | AN80: =IF(AH80="","",$AP$17-AM80)
AH81: =IF($AL$17/$AK$17>Apoio!T16/Apoio!N79,Apoio!M79,"") | AI81: =IF(AH81="","",IF(AH81=$AJ$17,$AM$17,$AM$17*($AK$17/Apoio!N79))) | AJ81: =IF(AH81="","",AI81*Apoio!T16) | AK81: =IF(AH81="","",$AN$17-AJ81) | AL81: =IF(AH81="","",(($AN$17-AJ81)/$G$9*100)) | AM81: =IF(AH81="","",AI81*Apoio!U16) | AN81: =IF(AH81="","",$AP$17-AM81)
AH82: =IF($AL$17/$AK$17>Apoio!T17/Apoio!N80,Apoio!M80,"") | AI82: =IF(AH82="","",IF(AH82=$AJ$17,$AM$17,$AM$17*($AK$17/Apoio!N80))) | AJ82: =IF(AH82="","",AI82*Apoio!T17) | AK82: =IF(AH82="","",$AN$17-AJ82) | AL82: =IF(AH82="","",(($AN$17-AJ82)/$G$9*100)) | AM82: =IF(AH82="","",AI82*Apoio!U17) | AN82: =IF(AH82="","",$AP$17-AM82)
AH83: =IF($AL$17/$AK$17>Apoio!T18/Apoio!N81,Apoio!M81,"") | AI83: =IF(AH83="","",IF(AH83=$AJ$17,$AM$17,$AM$17*($AK$17/Apoio!N81))) | AJ83: =IF(AH83="","",AI83*Apoio!T18) | AK83: =IF(AH83="","",$AN$17-AJ83) | AL83: =IF(AH83="","",(($AN$17-AJ83)/$G$9*100)) | AM83: =IF(AH83="","",AI83*Apoio!U18) | AN83: =IF(AH83="","",$AP$17-AM83)

Sheet Outputs
B2: Resultados (Consumo por equipamento) | X2: Resultados (Consumo por fábrica)
B4: Mudança de vetor energético | X4: Mudança de vetor energético
C5: Cenário | D5: Emissões [ton Co2/ano] | E5: Descarbonização [%] | Y5: Cenário | Z5: Emissões [ton Co2/ano] | AA5: Descarbonização [%]
C6: Base | D6: =+SUM(Processamento!G6:G8)/1000 -> 236.29892 | E6: - | Y6: Base | Z6: =+SUM(Processamento!AN14:AN17)/1000 -> 6.091416 | AA6: -
C7: =+Processamento!B15 -> Biometano | D7: =+IF(C7="","",(SUMIF(Processamento!$B$15:$B$102,Outputs!C7,Processamento!$D$15:$D$102))/1000) -> 39.600618 | E7: =+IF(C7="","",($D$6-D7)/$D$6) -> 0.83241304 | Y7: =+Processamento!AH23 -> Biometano | Z7: =IF(Y7="","",SUMIF(Processamento!$AH$23:$AH$111,Y7,Processamento!$AJ$23:$AJ$111)/1000) -> 1.1745197 | AA7: =+IF(Y7="","",($Z$6-Z7)/$Z$6) -> 0.80718446
C8: =+Processamento!B16 -> Hidrogénio | D8: =+IF(C8="","",(SUMIF(Processamento!$B$15:$B$102,Outputs!C8,Processamento!$D$15:$D$102))/1000) -> 0 | E8: =+IF(C8="","",($D$6-D8)/$D$6) -> 1 | Y8: =+Processamento!AH24 -> Hidrogénio | Z8: =IF(Y8="","",SUMIF(Processamento!$AH$23:$AH$111,Y8,Processamento!$AJ$23:$AJ$111)/1000) -> 0 | AA8: =+IF(Y8="","",($Z$6-Z8)/$Z$6) -> 1
C9: =+Processamento!B17 -> Biomassa | D9: =+IF(C9="","",(SUMIF(Processamento!$B$15:$B$102,Outputs!C9,Processamento!$D$15:$D$102))/1000) -> 0.0020654682 | E9: =+IF(C9="","",($D$6-D9)/$D$6) -> 0.99999126 | Y9: =+Processamento!AH25 -> Biomassa | Z9: =IF(Y9="","",SUMIF(Processamento!$AH$23:$AH$111,Y9,Processamento!$AJ$23:$AJ$111)/1000) -> 3.2222646 | AA9: =+IF(Y9="","",($Z$6-Z9)/$Z$6) -> 0.47101551
C10: =+Processamento!B18 -> GN + Biometano 50 % | D10: =+IF(C10="","",(SUMIF(Processamento!$B$15:$B$102,Outputs!C10,Processamento!$D$15:$D$102))/1000) -> 108.64121 | E10: =+IF(C10="","",($D$6-D10)/$D$6) -> 0.54023821 | Y10: =+Processamento!AH26 -> GN + Biometano 50 % | Z10: =IF(Y10="","",SUMIF(Processamento!$AH$23:$AH$111,Y10,Processamento!$AJ$23:$AJ$111)/1000) -> 0 | AA10: =+IF(Y10="","",($Z$6-Z10)/$Z$6) -> 1
C11: =+Processamento!B19 -> Eletricidade | D11: =+IF(C11="","",(SUMIF(Processamento!$B$15:$B$102,Outputs!C11,Processamento!$D$15:$D$102))/1000) -> 124.10368 | E11: =+IF(C11="","",($D$6-D11)/$D$6) -> 0.47480218 | Y11: =+Processamento!AH27 -> Eletricidade | Z11: =IF(Y11="","",SUMIF(Processamento!$AH$23:$AH$111,Y11,Processamento!$AJ$23:$AJ$111)/1000) -> 2.2076045 | AA11: =+IF(Y11="","",($Z$6-Z11)/$Z$6) -> 0.63758764
C12: =+Processamento!B20 -> GN + H2 20 % | D12: =+IF(C12="","",(SUMIF(Processamento!$B$15:$B$102,Outputs!C12,Processamento!$D$15:$D$102))/1000) -> 186.31197 | E12: =+IF(C12="","",($D$6-D12)/$D$6) -> 0.21154116 | N12: Gráfico referente ao caso do biometano | Y12: =+Processamento!AH28 -> GN + H2 20 % | Z12: =IF(Y12="","",SUMIF(Processamento!$AH$23:$AH$111,Y12,Processamento!$AJ$23:$AJ$111)/1000) -> 5.7633923 | AA12: =+IF(Y12="","",($Z$6-Z12)/$Z$6) -> 0.053850155 | AK12: Gráfico referente ao caso do biometano
C13: =+Processamento!B21 -> GN + H2 10 % | D13: =+IF(C13="","",(SUMIF(Processamento!$B$15:$B$102,Outputs!C13,Processamento!$D$15:$D$102))/1000) -> 194.3202 | E13: =+IF(C13="","",($D$6-D13)/$D$6) -> 0.17765091 | Y13: =+Processamento!AH29 -> GN + H2 10 % | Z13: =IF(Y13="","",SUMIF(Processamento!$AH$23:$AH$111,Y13,Processamento!$AJ$23:$AJ$111)/1000) -> 4.4342552 | AA13: =+IF(Y13="","",($Z$6-Z13)/$Z$6) -> 0.27204854
C14: =+Processamento!B22 -> Gás Natural | D14: =+IF(C14="","",(SUMIF(Processamento!$B$15:$B$102,Outputs!C14,Processamento!$D$15:$D$102))/1000) -> 202.40748 | E14: =+IF(C14="","",($D$6-D14)/$D$6) -> 0.14342613 | Y14: =+Processamento!AH30 -> Gás Natural | Z14: =IF(Y14="","",SUMIF(Processamento!$AH$23:$AH$111,Y14,Processamento!$AJ$23:$AJ$111)/1000) -> 3.5831859 | AA14: =+IF(Y14="","",($Z$6-Z14)/$Z$6) -> 0.41176471
C15: =+Processamento!B23 | D15: =+IF(C15="","",(SUMIF(Processamento!$B$15:$B$102,Outputs!C15,Processamento!$D$15:$D$102))/1000) | E15: =+IF(C15="","",($D$6-D15)/$D$6) | Y15: =+Processamento!AH31 | Z15: =IF(Y15="","",SUMIF(Processamento!$AH$23:$AH$111,Y15,Processamento!$AJ$23:$AJ$111)/1000) | AA15: =+IF(Y15="","",($Z$6-Z15)/$Z$6)
C16: =+Processamento!B24 | D16: =+IF(C16="","",(SUMIF(Processamento!$B$15:$B$102,Outputs!C16,Processamento!$D$15:$D$102))/1000) | E16: =+IF(C16="","",($D$6-D16)/$D$6) | Y16: =+Processamento!AH32 | Z16: =IF(Y16="","",SUMIF(Processamento!$AH$23:$AH$111,Y16,Processamento!$AJ$23:$AJ$111)/1000) | AA16: =+IF(Y16="","",($Z$6-Z16)/$Z$6)
C17: =+Processamento!B25 | D17: =+IF(C17="","",(SUMIF(Processamento!$B$15:$B$102,Outputs!C17,Processamento!$D$15:$D$102))/1000) | E17: =+IF(C17="","",($D$6-D17)/$D$6) | Y17: =+Processamento!AH33 | Z17: =IF(Y17="","",SUMIF(Processamento!$AH$23:$AH$111,Y17,Processamento!$AJ$23:$AJ$111)/1000) | AA17: =+IF(Y17="","",($Z$6-Z17)/$Z$6)
C18: =+Processamento!B26 | D18: =+IF(C18="","",(SUMIF(Processamento!$B$15:$B$102,Outputs!C18,Processamento!$D$15:$D$102))/1000) | E18: =+IF(C18="","",($D$6-D18)/$D$6) | Y18: =+Processamento!AH34 | Z18: =IF(Y18="","",SUMIF(Processamento!$AH$23:$AH$111,Y18,Processamento!$AJ$23:$AJ$111)/1000) | AA18: =+IF(Y18="","",($Z$6-Z18)/$Z$6)
B30: Recuperação de calor | X30: Recuperação de calor
C31: ="Através da recuperação de calor residual dos processos industriais térmicos apresentados poderia ser possível aproveitar até "&ROUND(Processamento!Y15/1000,0)&" MWh de energia, representando a redução de cerca de " &ROUND(Processamento!AA15/1000,2)&" toneladas de CO2. A potencial poupança económica associada à redução do consumo de energia poderia atingir os "&ROUND(Processamento!AB15,0)&" euros. (assumindo que esta energia poderia ser usada em equipamentos que usassem o mesmo vetor energético). Alerta-se para o facto de a aplicação desta medida dever ser sustentada por estudos para a avaliação da qualidade da energia residual existente." -> Através da recuperação de calor residual dos processos industriais térmicos apresentados poderia ser possível aproveitar até 278 MWh de energia, representando a redução de cerca de 61,68 toneladas de CO2. A potencial poupança económica associada à redução do consumo de energia poderia atingir os 28435 euros. (assumindo que esta energia poderia ser usada em equipamentos que usassem o mesmo vetor energético). Alerta-se para o facto de a aplicação desta medida dever ser sustentada por estudos para a avaliação da qualidade da energia residual existente. | Y31: ="Através da recuperação de calor residual dos processos industriais térmicos apresentados poderia ser possível aproveitar até "&ROUND(Processamento!BE16/1000,0)&" MWh de energia a uma temperatura baixa (até 70 °C), representando a redução de cerca de " &ROUND(Processamento!BG16/1000,2)&" toneladas de CO2. A potencial poupança económica associada à redução do consumo de energia poderia atingir os "&ROUND(Processamento!BH16,0)&" euros (assumindo que esta energia poderia ser usada em equipamentos que usassem o mesmo vetor energético). Alerta-se para o facto de a aplicação desta medida dever ser sustentada por estudos para a avaliação da qualidade da energia residual existente." -> Através da recuperação de calor residual dos processos industriais térmicos apresentados poderia ser possível aproveitar até 61 MWh de energia a uma temperatura baixa (até 70 °C), representando a redução de cerca de 12,33 toneladas de CO2. A potencial poupança económica associada à redução do consumo de energia poderia atingir os 4706 euros (assumindo que esta energia poderia ser usada em equipamentos que usassem o mesmo vetor energético). Alerta-se para o facto de a aplicação desta medida dever ser sustentada por estudos para a avaliação da qualidade da energia residual existente.

Sheet Apoio
B1: Listas
B2: Equipamentos | C2: Sim | D2: Combustível Caldeira | E2: Combustível Cogeração | F2: Combustível Forno | G2: Combustível Queimador (Dedicado a estufas ou banhos térmicos) | H2: Unidades combustível | I2: Unidades tarifa | J2: Consumo por fábrica
B3: Forno | C3: Não | D3: Biometano | E3: Biometano | F3: Biometano | G3: Biometano | H3: kWh/ano | I3: €/kWh | J3: Consumo por equipamento | L3: Combustível Alternativo | M3: PCI (GJ/ton) | N3: PCI (MJ/kg) | O3: Massa Volúmica (kg/m3) | P3: kWh/Ton | Q3: kWh/m3 | R3: kwh | S3: Fator Emissão (kgCO2e/GJ) | T3: Fator Emissão (kgCO2e/kWh) | U3: Tarifa referência(€/kWh)
B4: Caldeira | D4: Hidrogénio | E4: Hidrogénio | F4: Hidrogénio | G4: Hidrogénio | H4: ton/ano | I4: €/m3 | P4: Ton/ano | Q4: m3/ano | R4: kWh/ano
B5: Cogeração | D5: Biomassa | E5: Biomassa | F5: Biomassa | G5: Biomassa | H5: m3/ano | I5: €/ton | P5: €/ton | Q5: €/m3 | R5: €/kWh
B6: Queimador (Dedicado a estufas ou banhos térmicos) | D6: Eletricidade | E6: Gás Natural | F6: Eletricidade | G6: Gás Natural | L6: Biometano | N6: 48 | O6: 0.7 | P6: 13333.3 | Q6: 9.3333 | R6: 1 | S6: 11.11 | T6: 0.039996 | U6: 0.122
D7: Gás Natural | E7: GPL | F7: Gás Natural | G7: GPL | L7: Hidrogénio | N7: 120 | O7: 0.0899 | P7: 33333.3 | Q7: 2.9967 | R7: 1 | S7: 0 | T7: 0 | U7: =6.5/(N7/3.6) -> 0.195
D8: GPL | E8: Nafta | F8: GPL | G8: Nafta | L8: Biomassa | N8: 17.5 | O8: - | P8: =17.5/3.6*1000 -> 4861.1111 | Q8: - | R8: 1 | S8: 0 | T8: 0 | U8: 0.010286
D9: Nafta | E9: Gasóleo | F9: Nafta | G9: Gasóleo | L9: GN + Biometano 50 % | N9: 46.5 | O9: 0.77 | P9: 12916.7 | Q9: 9.9458 | R9: 1 | S9: 30.48 | T9: 0.109728 | U9: =+U13*0.5+U6*0.5 -> 0.09975
D10: Gasóleo | E10: Fuelóleo | F10: Gasóleo | G10: Fuelóleo | L10: Eletricidade | N10: - | O10: - | P10: - | Q10: - | R10: 1 | S10: 41.94 | T10: 0.151 | U10: 0.12556
D11: Fuelóleo | E11: Coque de Petroleo | F11: Fuelóleo | G11: Coque de Petroleo | L11: GN + H2 20 % | N11: 66 | O11: 0.493 | P11: 18333.3 | Q11: 9.0383 | R11: 1 | S11: 52.27 | T11: 0.188172 | U11: =+U13*0.8+U7*0.2 -> 0.101
D12: Coque de Petroleo | E12: Resíduos Industriais | F12: Coque de Petroleo | G12: Resíduos Industriais | L12: GN + H2 10 % | N12: 65 | O12: 0.546 | P12: 18055.6 | Q12: 9.8583 | R12: 1 | S12: 54.52 | T12: 0.1962612 | U12: =+U13*0.9+U7*0.1 -> 0.08925
D13: Resíduos Industriais | F13: Resíduos Industriais | L13: Gás Natural | N13: 45 | O13: 0.84 | P13: 12500 | Q13: 10.5 | R13: 1 | S13: 56.402 | T13: =+S13*0.0036 -> 0.2030472 | U13: 0.0775
L14: GPL | M14: 48.45 | N14: 46.4 | O14: 2.43 | P14: 12888.9 | Q14: 31.32 | R14: 1 | S14: 63.1049 | T14: =S14*0.0036 -> 0.22717764 | U14: =1.408/(N14/3.6) -> 0.10924138
L15: Nafta | N15: 44.4 | O15: 680 | P15: 12333.3 | Q15: 8386.6667 | R15: 1 | S15: 73.6 | T15: 0.26496 | U15: 0.05595
L16: Gasóleo | N16: 42.7 | O16: 837 | P16: 11861.1 | Q16: 9927.75 | R16: 1 | S16: 74.1 | T16: =+S16*0.0036 -> 0.26676 | U16: 0.16116
L17: Fuelóleo | M17: 40.28 | N17: 41.9 | O17: 944 | P17: 11638.9 | Q17: 10987.111 | R17: 1 | S17: 78.6 | T17: 0.28296 | U17: 0.10323
L18: Coque de Petroleo | M18: 32.2 | N18: 32.5 | O18: 800 | P18: 9027.8 | Q18: 7222.2222 | R18: 1 | S18: 93.6 | T18: 0.33696 | U18: 0.039877
L19: Resíduos Industriais | N19: 18.5 | O19: 200 | P19: 5138.9 | Q19: 1027.7778 | R19: 1 | S19: 144.9 | T19: 0.52164
L21: Equipamento | M21: Combustível | N21: Média
L22: Forno | M22: Biometano | N22: 82.5
L23: Forno | M23: Hidrogénio | N23: 82.5
L24: Forno | M24: Biomassa | N24: 82.5
L25: Forno | M25: GN + Biometano 50 % | N25: 82.5
L26: Forno | M26: Eletricidade | N26: 89.5
L27: Forno | M27: GN + H2 20 % | N27: 82.5
L28: Forno | M28: GN + H2 10 % | N28: 82.5
L29: Forno | M29: Gás Natural | N29: 82.5
L30: Forno | M30: GPL | N30: 82.5
L31: Forno | M31: Nafta | N31: 72.5
L32: Forno | M32: Gasóleo | N32: 72.5
L33: Forno | M33: Fuelóleo | N33: 72.5
... L35: Forno | M35: Resíduos Industriais | N35: 67.5
L37: Equipamento | M37: Combustível | N37: Média
L38: Caldeira | M38: Biometano | N38: 85
L39: Caldeira | M39: Hidrogénio | N39: 85
L40: Caldeira | M40: Biomassa | N40: 85
L41: Caldeira | M41: GN + Biometano 50 % | N41: 85
L42: Caldeira | M42: Eletricidade | N42: 97
L43: Caldeira | M43: GN + H2 20 % | N43: 85
L44: Caldeira | M44: GN + H2 10 % | N44: 85
L45: Caldeira | M45: Gás Natural | N45: 85
L46: Caldeira | M46: GPL | N46: 85
L47: Caldeira | M47: Nafta | N47: 75
L48: Caldeira | M48: Gasóleo | N48: 75
L49: Caldeira | M49: Fuelóleo | N49: 75
... L51: Caldeira | M51: Resíduos Industriais | N51: 70
L53: Equipamento | M53: Combustível | N53: Média
L54: Cogeração | M54: Biometano | N54: 87.5
L55: Cogeração | M55: Hidrogénio | N55: 87.5
L56: Cogeração | M56: Biomassa | N56: 87.5
L57: Cogeração | M57: GN + Biometano 50 % | N57: 87.5
L58: Cogeração | M58: GN + H2 20 % | N58: 87.5
L59: Cogeração | M59: GN + H2 10 % | N59: 87.5
L60: Cogeração | M60: Gás Natural | N60: 87.5
L61: Cogeração | M61: GPL | N61: 87.5
L62: Cogeração | M62: Nafta | N62: 87.5
L63: Cogeração | M63: Gasóleo | N63: 87.5
L64: Cogeração | M64: Fuelóleo | N64: 87.5
L65: Cogeração | M65: Coque de Petroleo | N65: 87.5
L66: Cogeração | M66: Resíduos Industriais | N66: 87.5
L68: Equipamento | M68: Combustível | N68: Média
L69: Queimador (Dedicado a estufas ou banhos térmicos) | M69: Biometano | N69: 85
L70: Queimador (Dedicado a estufas ou banhos térmicos) | M70: Hidrogénio | N70: 85
L71: Queimador (Dedicado a estufas ou banhos térmicos) | M71: Biomassa | N71: 85
L72: Queimador (Dedicado a estufas ou banhos térmicos) | M72: GN + Biometano 50 % | N72: 85
L73: Queimador (Dedicado a estufas ou banhos térmicos) | M73: Eletricidade | N73: 85
L74: Queimador (Dedicado a estufas ou banhos térmicos) | M74: GN + H2 20 % | N74: 85
L75: Queimador (Dedicado a estufas ou banhos térmicos) | M75: GN + H2 10 % | N75: 85
L76: Queimador (Dedicado a estufas ou banhos térmicos) | M76: Gás Natural | N76: 85
L77: Queimador (Dedicado a estufas ou banhos térmicos) | M77: GPL | N77: 85
L78: Queimador (Dedicado a estufas ou banhos térmicos) | M78: Nafta | N78: 85
L79: Queimador (Dedicado a estufas ou banhos térmicos) | M79: Gasóleo | N79: 85
L80: Queimador (Dedicado a estufas ou banhos térmicos) | M80: Fuelóleo | N80: 85
... L82: Queimador (Dedicado a estufas ou banhos térmicos) | M82: Resíduos Industriais | N82: 85

Sheet Sheet1
E3: Quantidade | F3: PCI [kWh/kg] | G3: Densidade [kg/m3] | H3: Fator emissão [kgCO2/kWh] | I3: Fator emissão [kgCO2/m3]
D4: Gás natural | E4: 0.8 | F4: =45/3.6 -> 12.5 | G4: 0.84 | H4: 0.20305 | I4: =+H4*F4*G4 -> 2.132025
D5: H2 | E5: 0.2 | F5: =120/3.6 -> 33.333333 | G5: 0.0899 | H5: 0 | I5: =+H5*F5*G5 -> 0
D6: Mistura | F6: =+((F4*G4)*E4+(F5*G5)*E5)/G6 -> 13.04289 | G6: =+$E$4*G4+E$5*G5 -> 0.68998 | H6: =+I6/G6/F6 -> 0.18952737 | I6: =+I4*E4+I5*E5 -> 1.70562
B7: =+E4*H4+E5*H5 -> 0.16244
G10: =+H6/H4 -> 0.93340247
